contact_id,email,full_name,created_at,deleted_at
C-0001,quinn.egan.1@example.net,Quinn Egan,2024-02-15T05:00:00Z,
C-0002,yara.flores.2@example.net,Yara Flores,2024-11-21T05:00:00Z,
C-0003,omar.jensen.3@example.net,Omar Jensen,2024-06-02T04:00:00Z,
C-0004,finn.webb.4@example.net,Finn Webb,2026-03-23T04:00:00Z,
C-0005,sam.okafor.5@example.net,Sam Okafor,2024-02-21T05:00:00Z,
C-0006,lena.tanaka.6@example.net,Lena Tanaka,2024-06-02T04:00:00Z,
C-0007,milo.brooks.7@example.net,Milo Brooks,2026-05-05T04:00:00Z,
C-0008,sam.vance.8@example.net,Sam Vance,2025-06-23T04:00:00Z,
C-0009,vik.khan.9@example.net,Vik Khan,2026-01-01T05:00:00Z,
C-0010,vik.park.10@example.net,Vik Park,2026-05-05T04:00:00Z,
C-0011,cleo.vance.11@example.net,Cleo Vance,2025-09-04T04:00:00Z,
C-0012,sam.reyes.12@example.net,Sam Reyes,2025-02-18T05:00:00Z,
C-0013,sam.brooks.13@example.net,Sam Brooks,2025-05-13T04:00:00Z,
C-0014,ada.quist.14@example.net,Ada Quist,2024-01-17T05:00:00Z,
C-0015,omar.tanaka.15@example.net,Omar Tanaka,2024-03-10T05:00:00Z,
C-0016,sam.tanaka.16@example.net,Sam Tanaka,2025-02-18T05:00:00Z,
C-0017,ada.silva.17@example.net,Ada Silva,2025-12-04T05:00:00Z,
C-0018,gia.diaz.18@example.net,Gia Diaz,2026-06-01T04:00:00Z,
C-0019,nora.vance.19@example.net,Nora Vance,2025-10-02T04:00:00Z,
C-0020,gia.quist.20@example.net,Gia Quist,2024-02-19T05:00:00Z,
C-0021,tara.brooks.21@example.net,Tara Brooks,2025-11-30T05:00:00Z,
C-0022,hugo.silva.22@example.net,Hugo Silva,2024-07-23T04:00:00Z,
C-0023,pia.ito.23@example.net,Pia Ito,2024-05-18T04:00:00Z,
C-0024,nora.alvarez.24@example.net,Nora Alvarez,2024-10-24T04:00:00Z,
C-0025,ben.ito.25@example.net,Ben Ito,2026-05-24T04:00:00Z,
C-0026,wren.alvarez.26@example.net,Wren Alvarez,2025-12-02T05:00:00Z,
C-0027,sam.flores.27@example.net,Sam Flores,2024-01-18T05:00:00Z,
C-0028,zed.hale.28@example.net,Zed Hale,2024-07-09T04:00:00Z,
C-0029,iris.alvarez.29@example.net,Iris Alvarez,2025-09-27T04:00:00Z,
C-0030,lena.nunez.30@example.net,Lena Nunez,2026-03-09T04:00:00Z,
C-0031,sam.park.31@example.net,Sam Park,2024-07-05T04:00:00Z,
C-0032,yara.okafor.32@example.net,Yara Okafor,2025-04-17T04:00:00Z,
C-0033,lena.brooks.33@example.net,Lena Brooks,2026-05-08T04:00:00Z,
C-0034,milo.vance.34@example.net,Milo Vance,2025-01-17T05:00:00Z,
C-0035,zed.jensen.35@example.net,Zed Jensen,2024-11-27T05:00:00Z,
C-0036,uma.diaz.36@example.net,Uma Diaz,2026-02-01T05:00:00Z,
C-0037,vik.hale.37@example.net,Vik Hale,2025-09-15T04:00:00Z,
C-0038,quinn.grant.38@example.net,Quinn Grant,2025-06-30T04:00:00Z,
C-0039,ela.hale.39@example.net,Ela Hale,2024-06-15T04:00:00Z,
C-0040,finn.ito.40@example.net,Finn Ito,2025-02-18T05:00:00Z,
C-0041,pia.lopez.41@example.net,Pia Lopez,2026-04-27T04:00:00Z,
C-0042,omar.silva.42@example.net,Omar Silva,2026-05-29T04:00:00Z,2026-06-14T04:00:00Z
C-0043,pia.okafor.43@example.net,Pia Okafor,2026-04-12T04:00:00Z,
C-0044,wren.vance.44@example.net,Wren Vance,2025-05-07T04:00:00Z,
C-0045,omar.brooks.45@example.net,Omar Brooks,2024-02-27T05:00:00Z,
C-0046,hugo.vance.46@example.net,Hugo Vance,2025-07-30T04:00:00Z,
C-0047,jon.lopez.47@example.net,Jon Lopez,2025-07-04T04:00:00Z,
C-0048,nora.flores.48@example.net,Nora Flores,2024-03-30T04:00:00Z,
C-0049,tara.ueda.49@example.net,Tara Ueda,2025-07-29T04:00:00Z,
C-0050,ben.ueda.50@example.net,Ben Ueda,2024-07-17T04:00:00Z,
C-0051,jon.hale.51@example.net,Jon Hale,2025-10-07T04:00:00Z,
C-0052,sam.egan.52@example.net,Sam Egan,2026-02-03T05:00:00Z,
C-0053,uma.nunez.53@example.net,Uma Nunez,2024-08-08T04:00:00Z,
C-0054,jon.tanaka.54@example.net,Jon Tanaka,2025-05-21T04:00:00Z,
C-0055,kai.webb.55@example.net,Kai Webb,2025-04-26T04:00:00Z,
C-0056,nora.egan.56@example.net,Nora Egan,2024-10-13T04:00:00Z,
C-0057,uma.ueda.57@example.net,Uma Ueda,2024-07-30T04:00:00Z,
C-0058,yara.webb.58@example.net,Yara Webb,2025-08-06T04:00:00Z,
C-0059,ada.reyes.59@example.net,Ada Reyes,2024-08-20T04:00:00Z,
C-0060,jon.flores.60@example.net,Jon Flores,2024-08-30T04:00:00Z,
C-0061,sam.park.61@example.net,Sam Park,2025-10-09T04:00:00Z,
C-0062,nora.ito.62@example.net,Nora Ito,2025-09-04T04:00:00Z,
C-0063,quinn.reyes.63@example.net,Quinn Reyes,2025-10-11T04:00:00Z,
C-0064,yara.brooks.64@example.net,Yara Brooks,2024-03-31T04:00:00Z,
C-0065,wren.khan.65@example.net,Wren Khan,2024-06-21T04:00:00Z,
C-0066,sam.tanaka.66@example.net,Sam Tanaka,2025-12-09T05:00:00Z,
C-0067,ada.vance.67@example.net,Ada Vance,2024-05-13T04:00:00Z,
C-0068,vik.flores.68@example.net,Vik Flores,2024-04-20T04:00:00Z,
C-0069,finn.park.69@example.net,Finn Park,2025-01-03T05:00:00Z,
C-0070,vik.nunez.70@example.net,Vik Nunez,2024-06-27T04:00:00Z,
C-0071,yara.park.71@example.net,Yara Park,2024-02-20T05:00:00Z,
C-0072,milo.egan.72@example.net,Milo Egan,2025-06-29T04:00:00Z,
C-0073,lena.webb.73@example.net,Lena Webb,2025-02-19T05:00:00Z,
C-0074,sam.okafor.74@example.net,Sam Okafor,2024-10-12T04:00:00Z,
C-0075,dev.flores.75@example.net,Dev Flores,2024-04-11T04:00:00Z,
C-0076,finn.silva.76@example.net,Finn Silva,2025-03-08T05:00:00Z,2026-06-19T04:00:00Z
C-0077,rosa.lopez.77@example.net,Rosa Lopez,2024-09-20T04:00:00Z,
C-0078,quinn.flores.78@example.net,Quinn Flores,2025-07-17T04:00:00Z,
C-0079,nora.hale.79@example.net,Nora Hale,2025-08-11T04:00:00Z,
C-0080,jon.flores.80@example.net,Jon Flores,2024-10-20T04:00:00Z,2025-03-13T04:00:00Z
C-0081,hugo.hale.81@example.net,Hugo Hale,2025-04-05T04:00:00Z,
C-0082,zed.hale.82@example.net,Zed Hale,2024-11-11T05:00:00Z,
C-0083,zed.park.83@example.net,Zed Park,2026-03-28T04:00:00Z,
C-0084,milo.hale.84@example.net,Milo Hale,2024-09-05T04:00:00Z,2026-06-09T04:00:00Z
C-0085,iris.tanaka.85@example.net,Iris Tanaka,2025-05-22T04:00:00Z,
C-0086,milo.grant.86@example.net,Milo Grant,2025-08-25T04:00:00Z,
C-0087,finn.reyes.87@example.net,Finn Reyes,2024-09-16T04:00:00Z,
C-0088,quinn.alvarez.88@example.net,Quinn Alvarez,2025-07-18T04:00:00Z,
C-0089,pia.lopez.89@example.net,Pia Lopez,2025-03-04T05:00:00Z,
C-0090,pia.reyes.90@example.net,Pia Reyes,2026-04-23T04:00:00Z,2026-05-27T04:00:00Z
C-0091,pia.ito.91@example.net,Pia Ito,2025-04-15T04:00:00Z,
C-0092,vik.ito.92@example.net,Vik Ito,2026-01-15T05:00:00Z,
C-0093,sam.park.93@example.net,Sam Park,2025-12-13T05:00:00Z,
C-0094,ela.okafor.94@example.net,Ela Okafor,2025-01-19T05:00:00Z,
C-0095,jon.hale.95@example.net,Jon Hale,2024-05-19T04:00:00Z,
C-0096,yara.lopez.96@example.net,Yara Lopez,2025-03-14T04:00:00Z,
C-0097,milo.okafor.97@example.net,Milo Okafor,2024-09-30T04:00:00Z,
C-0098,omar.webb.98@example.net,Omar Webb,2024-06-29T04:00:00Z,
C-0099,ada.reyes.99@example.net,Ada Reyes,2025-03-14T04:00:00Z,
C-0100,pia.moreau.100@example.net,Pia Moreau,2025-05-16T04:00:00Z,
C-0101,finn.diaz.101@example.net,Finn Diaz,2024-12-10T05:00:00Z,
C-0102,omar.lopez.102@example.net,Omar Lopez,2024-12-18T05:00:00Z,
C-0103,yara.vance.103@example.net,Yara Vance,2024-04-27T04:00:00Z,
C-0104,kai.tanaka.104@example.net,Kai Tanaka,2025-11-09T05:00:00Z,
C-0105,wren.quist.105@example.net,Wren Quist,2025-06-30T04:00:00Z,2026-04-11T04:00:00Z
C-0106,lena.chen.106@example.net,Lena Chen,2025-02-02T05:00:00Z,
C-0107,gia.diaz.107@example.net,Gia Diaz,2024-07-01T04:00:00Z,
C-0108,nora.webb.108@example.net,Nora Webb,2026-05-06T04:00:00Z,
C-0109,pia.quist.109@example.net,Pia Quist,2025-12-07T05:00:00Z,
C-0110,milo.lopez.110@example.net,Milo Lopez,2025-11-26T05:00:00Z,
C-0111,ela.reyes.111@example.net,Ela Reyes,2024-05-16T04:00:00Z,
C-0112,rosa.flores.112@example.net,Rosa Flores,2024-01-25T05:00:00Z,
C-0113,cleo.silva.113@example.net,Cleo Silva,2024-08-28T04:00:00Z,
C-0114,yara.quist.114@example.net,Yara Quist,2025-11-13T05:00:00Z,
C-0115,iris.vance.115@example.net,Iris Vance,2025-01-31T05:00:00Z,
C-0116,zed.hale.116@example.net,Zed Hale,2026-04-03T04:00:00Z,
C-0117,cleo.moreau.117@example.net,Cleo Moreau,2025-05-23T04:00:00Z,
C-0118,uma.tanaka.118@example.net,Uma Tanaka,2025-07-17T04:00:00Z,
C-0119,nora.flores.119@example.net,Nora Flores,2025-11-17T05:00:00Z,
C-0120,jon.brooks.120@example.net,Jon Brooks,2024-07-29T04:00:00Z,
C-0121,iris.tanaka.121@example.net,Iris Tanaka,2025-05-02T04:00:00Z,
C-0122,finn.khan.122@example.net,Finn Khan,2025-12-17T05:00:00Z,
C-0123,sam.chen.123@example.net,Sam Chen,2024-11-05T05:00:00Z,
C-0124,ben.ito.124@example.net,Ben Ito,2026-01-25T05:00:00Z,
C-0125,hugo.grant.125@example.net,Hugo Grant,2025-03-01T05:00:00Z,
C-0126,sam.egan.126@example.net,Sam Egan,2025-08-11T04:00:00Z,
C-0127,dev.quist.127@example.net,Dev Quist,2024-04-08T04:00:00Z,
C-0128,hugo.park.128@example.net,Hugo Park,2024-06-17T04:00:00Z,
C-0129,wren.ito.129@example.net,Wren Ito,2025-01-04T05:00:00Z,
C-0130,ela.tanaka.130@example.net,Ela Tanaka,2024-04-05T04:00:00Z,
C-0131,dev.moreau.131@example.net,Dev Moreau,2024-09-29T04:00:00Z,
C-0132,nora.park.132@example.net,Nora Park,2025-10-05T04:00:00Z,
C-0133,sam.vance.133@example.net,Sam Vance,2025-01-14T05:00:00Z,
C-0134,finn.moreau.134@example.net,Finn Moreau,2024-06-01T04:00:00Z,
C-0135,nora.lopez.135@example.net,Nora Lopez,2025-04-04T04:00:00Z,
C-0136,nora.tanaka.136@example.net,Nora Tanaka,2024-06-09T04:00:00Z,
C-0137,quinn.ito.137@example.net,Quinn Ito,2024-07-10T04:00:00Z,
C-0138,cleo.alvarez.138@example.net,Cleo Alvarez,2025-03-24T04:00:00Z,
C-0139,ela.silva.139@example.net,Ela Silva,2024-10-10T04:00:00Z,
C-0140,ben.grant.140@example.net,Ben Grant,2026-04-26T04:00:00Z,
C-0141,milo.ueda.141@example.net,Milo Ueda,2024-07-20T04:00:00Z,
C-0142,milo.brooks.142@example.net,Milo Brooks,2024-04-18T04:00:00Z,
C-0143,gia.quist.143@example.net,Gia Quist,2024-10-10T04:00:00Z,
C-0144,uma.okafor.144@example.net,Uma Okafor,2024-06-30T04:00:00Z,
C-0145,rosa.diaz.145@example.net,Rosa Diaz,2026-02-10T05:00:00Z,
C-0146,zed.ito.146@example.net,Zed Ito,2025-02-04T05:00:00Z,
C-0147,cleo.park.147@example.net,Cleo Park,2024-03-11T04:00:00Z,
C-0148,ela.egan.148@example.net,Ela Egan,2025-06-12T04:00:00Z,
C-0149,dev.tanaka.149@example.net,Dev Tanaka,2025-05-22T04:00:00Z,2025-09-22T04:00:00Z
C-0150,kai.webb.150@example.net,Kai Webb,2025-08-17T04:00:00Z,
C-0151,finn.ito.151@example.net,Finn Ito,2025-09-12T04:00:00Z,
C-0152,tara.ueda.152@example.net,Tara Ueda,2024-02-28T05:00:00Z,
C-0153,tara.quist.153@example.net,Tara Quist,2025-12-15T05:00:00Z,
C-0154,ben.park.154@example.net,Ben Park,2024-12-11T05:00:00Z,
C-0155,ada.park.155@example.net,Ada Park,2024-07-30T04:00:00Z,
C-0156,ben.park.156@example.net,Ben Park,2025-03-17T04:00:00Z,
C-0157,hugo.tanaka.157@example.net,Hugo Tanaka,2026-01-06T05:00:00Z,
C-0158,uma.lopez.158@example.net,Uma Lopez,2024-01-19T05:00:00Z,2024-04-20T04:00:00Z
C-0159,kai.jensen.159@example.net,Kai Jensen,2025-08-20T04:00:00Z,
C-0160,dev.flores.160@example.net,Dev Flores,2024-12-06T05:00:00Z,
C-0161,omar.reyes.161@example.net,Omar Reyes,2024-10-02T04:00:00Z,
C-0162,omar.brooks.162@example.net,Omar Brooks,2024-12-02T05:00:00Z,
C-0163,hugo.lopez.163@example.net,Hugo Lopez,2024-06-27T04:00:00Z,
C-0164,gia.park.164@example.net,Gia Park,2024-07-18T04:00:00Z,
C-0165,ela.silva.165@example.net,Ela Silva,2025-10-04T04:00:00Z,
C-0166,rosa.grant.166@example.net,Rosa Grant,2025-03-11T04:00:00Z,
C-0167,ben.brooks.167@example.net,Ben Brooks,2025-07-09T04:00:00Z,
C-0168,rosa.khan.168@example.net,Rosa Khan,2024-04-14T04:00:00Z,
C-0169,wren.ueda.169@example.net,Wren Ueda,2024-03-15T04:00:00Z,
C-0170,yara.silva.170@example.net,Yara Silva,2026-04-01T04:00:00Z,
C-0171,lena.alvarez.171@example.net,Lena Alvarez,2026-01-15T05:00:00Z,
C-0172,iris.flores.172@example.net,Iris Flores,2025-09-17T04:00:00Z,
C-0173,quinn.brooks.173@example.net,Quinn Brooks,2025-12-12T05:00:00Z,
C-0174,pia.ito.174@example.net,Pia Ito,2025-05-21T04:00:00Z,
C-0175,wren.okafor.175@example.net,Wren Okafor,2025-07-18T04:00:00Z,
C-0176,omar.silva.176@example.net,Omar Silva,2025-02-11T05:00:00Z,
C-0177,dev.brooks.177@example.net,Dev Brooks,2025-11-21T05:00:00Z,
C-0178,ben.silva.178@example.net,Ben Silva,2024-12-31T05:00:00Z,
C-0179,nora.park.179@example.net,Nora Park,2025-09-28T04:00:00Z,
C-0180,yara.diaz.180@example.net,Yara Diaz,2026-02-16T05:00:00Z,
C-0181,ada.grant.181@example.net,Ada Grant,2025-12-13T05:00:00Z,
C-0182,jon.moreau.182@example.net,Jon Moreau,2024-08-16T04:00:00Z,
C-0183,milo.grant.183@example.net,Milo Grant,2025-08-12T04:00:00Z,
C-0184,quinn.reyes.184@example.net,Quinn Reyes,2025-10-12T04:00:00Z,
C-0185,nora.ueda.185@example.net,Nora Ueda,2025-05-08T04:00:00Z,
C-0186,pia.brooks.186@example.net,Pia Brooks,2024-04-30T04:00:00Z,
C-0187,dev.tanaka.187@example.net,Dev Tanaka,2024-01-15T05:00:00Z,
C-0188,iris.tanaka.188@example.net,Iris Tanaka,2024-10-21T04:00:00Z,
C-0189,omar.webb.189@example.net,Omar Webb,2026-03-29T04:00:00Z,
C-0190,ela.moreau.190@example.net,Ela Moreau,2026-01-03T05:00:00Z,
C-0191,yara.webb.191@example.net,Yara Webb,2024-11-06T05:00:00Z,
C-0192,jon.ueda.192@example.net,Jon Ueda,2024-04-09T04:00:00Z,
C-0193,zed.brooks.193@example.net,Zed Brooks,2026-02-21T05:00:00Z,
C-0194,omar.ito.194@example.net,Omar Ito,2025-03-17T04:00:00Z,
C-0195,quinn.quist.195@example.net,Quinn Quist,2025-04-05T04:00:00Z,
C-0196,cleo.tanaka.196@example.net,Cleo Tanaka,2024-03-03T05:00:00Z,
C-0197,tara.chen.197@example.net,Tara Chen,2024-04-20T04:00:00Z,
C-0198,omar.diaz.198@example.net,Omar Diaz,2024-05-02T04:00:00Z,
C-0199,hugo.nunez.199@example.net,Hugo Nunez,2024-04-17T04:00:00Z,
C-0200,ada.reyes.200@example.net,Ada Reyes,2024-11-25T05:00:00Z,
C-0201,hugo.khan.201@example.net,Hugo Khan,2025-03-14T04:00:00Z,
C-0202,kai.grant.202@example.net,Kai Grant,2024-11-30T05:00:00Z,
C-0203,uma.okafor.203@example.net,Uma Okafor,2024-05-17T04:00:00Z,
C-0204,ben.brooks.204@example.net,Ben Brooks,2026-01-02T05:00:00Z,
C-0205,hugo.flores.205@example.net,Hugo Flores,2025-02-10T05:00:00Z,
C-0206,uma.flores.206@example.net,Uma Flores,2024-05-07T04:00:00Z,
C-0207,finn.okafor.207@example.net,Finn Okafor,2026-02-26T05:00:00Z,
C-0208,dev.moreau.208@example.net,Dev Moreau,2024-04-18T04:00:00Z,
C-0209,ada.vance.209@example.net,Ada Vance,2024-01-25T05:00:00Z,
C-0210,zed.diaz.210@example.net,Zed Diaz,2026-01-08T05:00:00Z,
C-0211,sam.grant.211@example.net,Sam Grant,2025-03-21T04:00:00Z,
C-0212,zed.park.212@example.net,Zed Park,2025-02-21T05:00:00Z,
C-0213,dev.reyes.213@example.net,Dev Reyes,2026-02-08T05:00:00Z,
C-0214,omar.khan.214@example.net,Omar Khan,2025-02-27T05:00:00Z,
C-0215,wren.quist.215@example.net,Wren Quist,2026-03-23T04:00:00Z,
C-0216,gia.grant.216@example.net,Gia Grant,2024-01-18T05:00:00Z,
C-0217,quinn.jensen.217@example.net,Quinn Jensen,2024-02-14T05:00:00Z,
C-0218,cleo.flores.218@example.net,Cleo Flores,2024-05-04T04:00:00Z,
C-0219,tara.silva.219@example.net,Tara Silva,2025-07-20T04:00:00Z,
C-0220,lena.egan.220@example.net,Lena Egan,2025-12-23T05:00:00Z,
C-0221,ada.ueda.221@example.net,Ada Ueda,2024-11-21T05:00:00Z,
C-0222,omar.ito.222@example.net,Omar Ito,2025-10-15T04:00:00Z,
C-0223,finn.tanaka.223@example.net,Finn Tanaka,2024-06-28T04:00:00Z,
C-0224,kai.quist.224@example.net,Kai Quist,2024-12-19T05:00:00Z,
C-0225,hugo.chen.225@example.net,Hugo Chen,2024-03-09T05:00:00Z,
C-0226,ada.chen.226@example.net,Ada Chen,2025-04-07T04:00:00Z,
C-0227,ada.egan.227@example.net,Ada Egan,2025-04-07T04:00:00Z,
C-0228,milo.diaz.228@example.net,Milo Diaz,2024-12-06T05:00:00Z,
C-0229,ada.silva.229@example.net,Ada Silva,2025-07-08T04:00:00Z,
C-0230,omar.vance.230@example.net,Omar Vance,2024-11-26T05:00:00Z,
C-0231,sam.park.231@example.net,Sam Park,2024-11-20T05:00:00Z,
C-0232,rosa.khan.232@example.net,Rosa Khan,2024-03-13T04:00:00Z,
C-0233,lena.moreau.233@example.net,Lena Moreau,2024-01-21T05:00:00Z,
C-0234,iris.hale.234@example.net,Iris Hale,2025-04-05T04:00:00Z,
C-0235,wren.grant.235@example.net,Wren Grant,2024-04-25T04:00:00Z,
C-0236,ada.ueda.236@example.net,Ada Ueda,2026-03-04T05:00:00Z,
C-0237,lena.diaz.237@example.net,Lena Diaz,2026-02-28T05:00:00Z,
C-0238,finn.egan.238@example.net,Finn Egan,2025-04-26T04:00:00Z,2026-01-02T05:00:00Z
C-0239,ela.egan.239@example.net,Ela Egan,2024-02-29T05:00:00Z,
C-0240,rosa.chen.240@example.net,Rosa Chen,2025-12-10T05:00:00Z,
C-0241,quinn.tanaka.241@example.net,Quinn Tanaka,2024-04-20T04:00:00Z,
C-0242,finn.flores.242@example.net,Finn Flores,2025-10-10T04:00:00Z,
C-0243,kai.quist.243@example.net,Kai Quist,2024-11-27T05:00:00Z,
C-0244,nora.nunez.244@example.net,Nora Nunez,2026-05-10T04:00:00Z,
C-0245,pia.quist.245@example.net,Pia Quist,2024-07-29T04:00:00Z,
C-0246,dev.grant.246@example.net,Dev Grant,2026-05-14T04:00:00Z,
C-0247,vik.silva.247@example.net,Vik Silva,2025-07-24T04:00:00Z,
C-0248,ela.webb.248@example.net,Ela Webb,2025-11-22T05:00:00Z,
C-0249,ela.park.249@example.net,Ela Park,2024-11-28T05:00:00Z,
C-0250,nora.grant.250@example.net,Nora Grant,2025-09-20T04:00:00Z,
C-0251,ela.hale.251@example.net,Ela Hale,2024-07-09T04:00:00Z,
C-0252,dev.quist.252@example.net,Dev Quist,2025-03-03T05:00:00Z,
C-0253,cleo.lopez.253@example.net,Cleo Lopez,2026-02-16T05:00:00Z,
C-0254,vik.webb.254@example.net,Vik Webb,2025-11-20T05:00:00Z,
C-0255,ada.jensen.255@example.net,Ada Jensen,2026-04-29T04:00:00Z,
C-0256,yara.alvarez.256@example.net,Yara Alvarez,2024-06-22T04:00:00Z,
C-0257,hugo.alvarez.257@example.net,Hugo Alvarez,2024-09-01T04:00:00Z,
C-0258,lena.okafor.258@example.net,Lena Okafor,2026-04-04T04:00:00Z,
C-0259,yara.silva.259@example.net,Yara Silva,2024-10-30T04:00:00Z,
C-0260,finn.diaz.260@example.net,Finn Diaz,2025-11-09T05:00:00Z,
C-0261,vik.grant.261@example.net,Vik Grant,2024-12-23T05:00:00Z,
C-0262,yara.tanaka.262@example.net,Yara Tanaka,2026-04-30T04:00:00Z,
C-0263,dev.khan.263@example.net,Dev Khan,2024-10-29T04:00:00Z,
C-0264,ada.nunez.264@example.net,Ada Nunez,2026-05-31T04:00:00Z,
C-0265,omar.egan.265@example.net,Omar Egan,2025-07-30T04:00:00Z,
C-0266,milo.khan.266@example.net,Milo Khan,2025-10-26T04:00:00Z,
C-0267,cleo.quist.267@example.net,Cleo Quist,2024-09-06T04:00:00Z,
C-0268,kai.ito.268@example.net,Kai Ito,2025-06-06T04:00:00Z,2025-12-08T05:00:00Z
C-0269,cleo.egan.269@example.net,Cleo Egan,2024-07-30T04:00:00Z,
C-0270,pia.flores.270@example.net,Pia Flores,2024-01-25T05:00:00Z,
C-0271,rosa.nunez.271@example.net,Rosa Nunez,2024-06-20T04:00:00Z,
C-0272,quinn.moreau.272@example.net,Quinn Moreau,2025-03-11T04:00:00Z,
C-0273,finn.tanaka.273@example.net,Finn Tanaka,2024-04-10T04:00:00Z,2025-01-10T05:00:00Z
C-0274,vik.tanaka.274@example.net,Vik Tanaka,2024-12-01T05:00:00Z,
C-0275,ada.lopez.275@example.net,Ada Lopez,2025-12-26T05:00:00Z,
C-0276,wren.ito.276@example.net,Wren Ito,2025-02-11T05:00:00Z,
C-0277,tara.flores.277@example.net,Tara Flores,2025-04-12T04:00:00Z,
C-0278,pia.silva.278@example.net,Pia Silva,2026-05-02T04:00:00Z,
C-0279,vik.ueda.279@example.net,Vik Ueda,2024-03-08T05:00:00Z,
C-0280,uma.jensen.280@example.net,Uma Jensen,2024-06-01T04:00:00Z,
C-0281,kai.ito.281@example.net,Kai Ito,2024-07-31T04:00:00Z,
C-0282,nora.ueda.282@example.net,Nora Ueda,2024-09-07T04:00:00Z,
C-0283,hugo.nunez.283@example.net,Hugo Nunez,2024-02-09T05:00:00Z,
C-0284,gia.okafor.284@example.net,Gia Okafor,2024-09-10T04:00:00Z,
C-0285,hugo.ito.285@example.net,Hugo Ito,2025-01-09T05:00:00Z,
C-0286,jon.lopez.286@example.net,Jon Lopez,2024-10-07T04:00:00Z,
C-0287,zed.moreau.287@example.net,Zed Moreau,2025-11-19T05:00:00Z,
C-0288,ela.brooks.288@example.net,Ela Brooks,2024-03-25T04:00:00Z,
C-0289,nora.lopez.289@example.net,Nora Lopez,2024-08-22T04:00:00Z,
C-0290,ada.moreau.290@example.net,Ada Moreau,2025-02-27T05:00:00Z,
C-0291,uma.diaz.291@example.net,Uma Diaz,2026-05-17T04:00:00Z,
C-0292,hugo.chen.292@example.net,Hugo Chen,2024-09-20T04:00:00Z,
C-0293,uma.hale.293@example.net,Uma Hale,2025-10-07T04:00:00Z,
C-0294,milo.egan.294@example.net,Milo Egan,2025-10-30T04:00:00Z,
C-0295,wren.chen.295@example.net,Wren Chen,2024-07-06T04:00:00Z,
C-0296,kai.reyes.296@example.net,Kai Reyes,2026-01-05T05:00:00Z,
C-0297,hugo.tanaka.297@example.net,Hugo Tanaka,2024-06-22T04:00:00Z,
C-0298,uma.moreau.298@example.net,Uma Moreau,2025-09-17T04:00:00Z,
C-0299,hugo.khan.299@example.net,Hugo Khan,2024-05-25T04:00:00Z,
C-0300,pia.moreau.300@example.net,Pia Moreau,2025-11-26T05:00:00Z,
C-0301,uma.lopez.301@example.net,Uma Lopez,2024-09-10T04:00:00Z,
C-0302,lena.hale.302@example.net,Lena Hale,2026-05-11T04:00:00Z,
C-0303,iris.alvarez.303@example.net,Iris Alvarez,2025-09-30T04:00:00Z,2026-02-03T05:00:00Z
C-0304,omar.nunez.304@example.net,Omar Nunez,2025-03-03T05:00:00Z,
C-0305,jon.nunez.305@example.net,Jon Nunez,2025-03-01T05:00:00Z,
C-0306,rosa.jensen.306@example.net,Rosa Jensen,2024-05-24T04:00:00Z,
C-0307,tara.jensen.307@example.net,Tara Jensen,2025-09-26T04:00:00Z,
C-0308,cleo.ueda.308@example.net,Cleo Ueda,2026-02-07T05:00:00Z,
C-0309,iris.okafor.309@example.net,Iris Okafor,2026-03-12T04:00:00Z,
C-0310,ada.nunez.310@example.net,Ada Nunez,2025-08-18T04:00:00Z,
C-0311,lena.silva.311@example.net,Lena Silva,2024-05-23T04:00:00Z,
C-0312,ada.tanaka.312@example.net,Ada Tanaka,2024-10-22T04:00:00Z,
C-0313,finn.khan.313@example.net,Finn Khan,2025-01-25T05:00:00Z,
C-0314,ada.reyes.314@example.net,Ada Reyes,2025-11-21T05:00:00Z,
C-0315,ben.grant.315@example.net,Ben Grant,2026-03-01T05:00:00Z,
C-0316,kai.alvarez.316@example.net,Kai Alvarez,2026-04-20T04:00:00Z,
C-0317,tara.chen.317@example.net,Tara Chen,2024-08-09T04:00:00Z,
C-0318,lena.khan.318@example.net,Lena Khan,2026-02-18T05:00:00Z,
C-0319,yara.flores.319@example.net,Yara Flores,2025-04-05T04:00:00Z,
C-0320,omar.hale.320@example.net,Omar Hale,2025-03-07T05:00:00Z,
C-0321,kai.moreau.321@example.net,Kai Moreau,2026-05-15T04:00:00Z,
C-0322,omar.khan.322@example.net,Omar Khan,2026-03-19T04:00:00Z,
C-0323,ben.webb.323@example.net,Ben Webb,2025-02-26T05:00:00Z,
C-0324,milo.jensen.324@example.net,Milo Jensen,2025-08-01T04:00:00Z,
C-0325,quinn.jensen.325@example.net,Quinn Jensen,2025-07-15T04:00:00Z,
C-0326,jon.nunez.326@example.net,Jon Nunez,2025-07-27T04:00:00Z,
C-0327,cleo.okafor.327@example.net,Cleo Okafor,2024-09-14T04:00:00Z,
C-0328,lena.ito.328@example.net,Lena Ito,2024-05-02T04:00:00Z,
C-0329,sam.alvarez.329@example.net,Sam Alvarez,2024-11-16T05:00:00Z,
C-0330,ada.grant.330@example.net,Ada Grant,2025-03-10T04:00:00Z,
C-0331,sam.okafor.331@example.net,Sam Okafor,2025-11-13T05:00:00Z,
C-0332,finn.flores.332@example.net,Finn Flores,2025-08-31T04:00:00Z,
C-0333,uma.ueda.333@example.net,Uma Ueda,2024-11-16T05:00:00Z,
C-0334,yara.webb.334@example.net,Yara Webb,2024-05-16T04:00:00Z,
C-0335,tara.park.335@example.net,Tara Park,2025-04-15T04:00:00Z,
C-0336,kai.chen.336@example.net,Kai Chen,2024-08-14T04:00:00Z,
C-0337,ela.okafor.337@example.net,Ela Okafor,2024-03-26T04:00:00Z,2026-05-13T04:00:00Z
C-0338,lena.nunez.338@example.net,Lena Nunez,2025-08-02T04:00:00Z,
C-0339,zed.silva.339@example.net,Zed Silva,2025-05-21T04:00:00Z,
C-0340,finn.flores.340@example.net,Finn Flores,2024-12-16T05:00:00Z,
C-0341,uma.okafor.341@example.net,Uma Okafor,2024-10-12T04:00:00Z,
C-0342,iris.brooks.342@example.net,Iris Brooks,2026-01-06T05:00:00Z,
C-0343,jon.jensen.343@example.net,Jon Jensen,2025-08-31T04:00:00Z,
C-0344,hugo.reyes.344@example.net,Hugo Reyes,2025-12-20T05:00:00Z,
C-0345,dev.ueda.345@example.net,Dev Ueda,2026-03-25T04:00:00Z,
C-0346,kai.grant.346@example.net,Kai Grant,2024-06-01T04:00:00Z,
C-0347,pia.egan.347@example.net,Pia Egan,2024-07-08T04:00:00Z,
C-0348,jon.ito.348@example.net,Jon Ito,2026-01-31T05:00:00Z,
C-0349,gia.flores.349@example.net,Gia Flores,2025-12-13T05:00:00Z,
C-0350,nora.jensen.350@example.net,Nora Jensen,2025-02-18T05:00:00Z,2026-03-05T05:00:00Z
C-0351,dev.ito.351@example.net,Dev Ito,2025-08-28T04:00:00Z,
C-0352,hugo.grant.352@example.net,Hugo Grant,2024-02-16T05:00:00Z,
C-0353,quinn.alvarez.353@example.net,Quinn Alvarez,2026-04-29T04:00:00Z,
C-0354,wren.jensen.354@example.net,Wren Jensen,2025-11-24T05:00:00Z,
C-0355,dev.brooks.355@example.net,Dev Brooks,2024-02-06T05:00:00Z,
C-0356,omar.moreau.356@example.net,Omar Moreau,2025-03-16T04:00:00Z,
C-0357,iris.alvarez.357@example.net,Iris Alvarez,2024-08-26T04:00:00Z,
C-0358,vik.vance.358@example.net,Vik Vance,2026-01-04T05:00:00Z,
C-0359,quinn.moreau.359@example.net,Quinn Moreau,2024-04-28T04:00:00Z,
C-0360,rosa.reyes.360@example.net,Rosa Reyes,2025-10-12T04:00:00Z,
C-0361,tara.reyes.361@example.net,Tara Reyes,2025-01-25T05:00:00Z,2026-06-25T04:00:00Z
C-0362,gia.moreau.362@example.net,Gia Moreau,2025-12-27T05:00:00Z,
C-0363,zed.lopez.363@example.net,Zed Lopez,2025-01-31T05:00:00Z,
C-0364,ela.chen.364@example.net,Ela Chen,2025-08-30T04:00:00Z,
C-0365,ada.silva.365@example.net,Ada Silva,2026-02-18T05:00:00Z,
C-0366,ada.flores.366@example.net,Ada Flores,2026-05-18T04:00:00Z,
C-0367,gia.ito.367@example.net,Gia Ito,2025-08-18T04:00:00Z,
C-0368,ela.ueda.368@example.net,Ela Ueda,2025-02-23T05:00:00Z,
C-0369,quinn.alvarez.369@example.net,Quinn Alvarez,2026-02-12T05:00:00Z,
C-0370,lena.okafor.370@example.net,Lena Okafor,2026-05-07T04:00:00Z,
C-0371,tara.brooks.371@example.net,Tara Brooks,2025-04-13T04:00:00Z,
C-0372,zed.diaz.372@example.net,Zed Diaz,2025-04-26T04:00:00Z,
C-0373,omar.jensen.373@example.net,Omar Jensen,2026-05-05T04:00:00Z,
C-0374,tara.flores.374@example.net,Tara Flores,2025-01-01T05:00:00Z,
C-0375,ada.egan.375@example.net,Ada Egan,2024-11-07T05:00:00Z,
C-0376,tara.vance.376@example.net,Tara Vance,2026-05-31T04:00:00Z,
C-0377,zed.alvarez.377@example.net,Zed Alvarez,2024-06-08T04:00:00Z,
C-0378,quinn.ueda.378@example.net,Quinn Ueda,2026-04-17T04:00:00Z,
C-0379,ben.hale.379@example.net,Ben Hale,2026-05-05T04:00:00Z,
C-0380,quinn.diaz.380@example.net,Quinn Diaz,2026-05-13T04:00:00Z,
C-0381,iris.khan.381@example.net,Iris Khan,2024-05-05T04:00:00Z,
C-0382,ela.alvarez.382@example.net,Ela Alvarez,2024-12-09T05:00:00Z,
C-0383,nora.ito.383@example.net,Nora Ito,2026-02-06T05:00:00Z,
C-0384,omar.hale.384@example.net,Omar Hale,2025-12-10T05:00:00Z,
C-0385,zed.diaz.385@example.net,Zed Diaz,2024-06-01T04:00:00Z,
C-0386,omar.khan.386@example.net,Omar Khan,2026-05-13T04:00:00Z,
C-0387,ada.alvarez.387@example.net,Ada Alvarez,2025-10-12T04:00:00Z,
C-0388,milo.alvarez.388@example.net,Milo Alvarez,2024-08-31T04:00:00Z,
C-0389,hugo.khan.389@example.net,Hugo Khan,2024-10-11T04:00:00Z,
C-0390,finn.okafor.390@example.net,Finn Okafor,2024-02-14T05:00:00Z,
C-0391,hugo.ito.391@example.net,Hugo Ito,2026-03-25T04:00:00Z,
C-0392,iris.brooks.392@example.net,Iris Brooks,2024-12-14T05:00:00Z,
C-0393,iris.quist.393@example.net,Iris Quist,2024-08-08T04:00:00Z,
C-0394,finn.ito.394@example.net,Finn Ito,2024-03-02T05:00:00Z,
C-0395,cleo.silva.395@example.net,Cleo Silva,2025-11-29T05:00:00Z,
C-0396,rosa.park.396@example.net,Rosa Park,2024-07-06T04:00:00Z,
C-0397,hugo.diaz.397@example.net,Hugo Diaz,2025-11-27T05:00:00Z,
C-0398,gia.vance.398@example.net,Gia Vance,2024-05-19T04:00:00Z,
C-0399,kai.flores.399@example.net,Kai Flores,2024-08-18T04:00:00Z,
C-0400,rosa.vance.400@example.net,Rosa Vance,2025-10-07T04:00:00Z,
C-0401,vik.okafor.401@example.net,Vik Okafor,2025-03-05T05:00:00Z,
C-0402,ela.chen.402@example.net,Ela Chen,2024-08-16T04:00:00Z,
C-0403,dev.ueda.403@example.net,Dev Ueda,2024-02-09T05:00:00Z,2024-03-09T05:00:00Z
C-0404,iris.grant.404@example.net,Iris Grant,2024-10-19T04:00:00Z,
C-0405,uma.okafor.405@example.net,Uma Okafor,2026-02-03T05:00:00Z,
C-0406,gia.ueda.406@example.net,Gia Ueda,2025-07-05T04:00:00Z,
C-0407,quinn.chen.407@example.net,Quinn Chen,2024-07-06T04:00:00Z,
C-0408,pia.egan.408@example.net,Pia Egan,2024-02-28T05:00:00Z,2024-09-22T04:00:00Z
C-0409,milo.ito.409@example.net,Milo Ito,2025-02-27T05:00:00Z,
C-0410,cleo.vance.410@example.net,Cleo Vance,2024-04-13T04:00:00Z,
C-0411,pia.ueda.411@example.net,Pia Ueda,2025-06-21T04:00:00Z,
C-0412,omar.park.412@example.net,Omar Park,2026-01-12T05:00:00Z,
C-0413,omar.khan.413@example.net,Omar Khan,2025-08-02T04:00:00Z,
C-0414,rosa.hale.414@example.net,Rosa Hale,2025-01-07T05:00:00Z,
C-0415,lena.grant.415@example.net,Lena Grant,2025-05-22T04:00:00Z,
C-0416,milo.reyes.416@example.net,Milo Reyes,2025-09-16T04:00:00Z,
C-0417,ben.reyes.417@example.net,Ben Reyes,2024-05-12T04:00:00Z,
C-0418,omar.webb.418@example.net,Omar Webb,2024-03-18T04:00:00Z,
C-0419,dev.diaz.419@example.net,Dev Diaz,2024-02-07T05:00:00Z,
C-0420,zed.ueda.420@example.net,Zed Ueda,2025-02-19T05:00:00Z,
C-0421,finn.ito.421@example.net,Finn Ito,2025-08-04T04:00:00Z,
C-0422,cleo.tanaka.422@example.net,Cleo Tanaka,2025-03-04T05:00:00Z,
C-0423,gia.chen.423@example.net,Gia Chen,2025-09-11T04:00:00Z,
C-0424,vik.tanaka.424@example.net,Vik Tanaka,2025-06-12T04:00:00Z,
C-0425,nora.tanaka.425@example.net,Nora Tanaka,2024-11-29T05:00:00Z,
C-0426,quinn.silva.426@example.net,Quinn Silva,2025-03-24T04:00:00Z,2025-09-24T04:00:00Z
C-0427,dev.park.427@example.net,Dev Park,2024-08-02T04:00:00Z,
C-0428,zed.tanaka.428@example.net,Zed Tanaka,2025-06-10T04:00:00Z,
C-0429,tara.lopez.429@example.net,Tara Lopez,2025-05-05T04:00:00Z,
C-0430,wren.webb.430@example.net,Wren Webb,2026-03-14T04:00:00Z,
C-0431,vik.vance.431@example.net,Vik Vance,2025-07-09T04:00:00Z,
C-0432,cleo.egan.432@example.net,Cleo Egan,2025-08-03T04:00:00Z,
C-0433,cleo.chen.433@example.net,Cleo Chen,2024-12-23T05:00:00Z,
C-0434,yara.quist.434@example.net,Yara Quist,2025-03-09T05:00:00Z,
C-0435,pia.brooks.435@example.net,Pia Brooks,2026-03-09T04:00:00Z,
C-0436,finn.tanaka.436@example.net,Finn Tanaka,2025-09-25T04:00:00Z,
C-0437,jon.ueda.437@example.net,Jon Ueda,2026-04-11T04:00:00Z,
C-0438,hugo.khan.438@example.net,Hugo Khan,2024-10-05T04:00:00Z,
C-0439,jon.lopez.439@example.net,Jon Lopez,2025-04-24T04:00:00Z,
C-0440,yara.quist.440@example.net,Yara Quist,2024-12-05T05:00:00Z,
C-0441,tara.flores.441@example.net,Tara Flores,2026-03-17T04:00:00Z,
C-0442,finn.grant.442@example.net,Finn Grant,2026-02-04T05:00:00Z,
C-0443,finn.ueda.443@example.net,Finn Ueda,2024-07-10T04:00:00Z,
C-0444,finn.tanaka.444@example.net,Finn Tanaka,2024-03-27T04:00:00Z,
C-0445,ada.park.445@example.net,Ada Park,2025-01-21T05:00:00Z,
C-0446,omar.okafor.446@example.net,Omar Okafor,2025-09-15T04:00:00Z,
C-0447,hugo.ueda.447@example.net,Hugo Ueda,2026-05-16T04:00:00Z,
C-0448,lena.jensen.448@example.net,Lena Jensen,2024-01-18T05:00:00Z,
C-0449,quinn.brooks.449@example.net,Quinn Brooks,2024-07-14T04:00:00Z,
C-0450,ada.nunez.450@example.net,Ada Nunez,2024-10-16T04:00:00Z,
C-0451,zed.moreau.451@example.net,Zed Moreau,2025-03-06T05:00:00Z,
C-0452,wren.lopez.452@example.net,Wren Lopez,2025-07-25T04:00:00Z,
C-0453,ada.egan.453@example.net,Ada Egan,2026-05-09T04:00:00Z,
C-0454,dev.moreau.454@example.net,Dev Moreau,2025-03-11T04:00:00Z,
C-0455,hugo.hale.455@example.net,Hugo Hale,2025-03-25T04:00:00Z,
C-0456,yara.chen.456@example.net,Yara Chen,2025-01-16T05:00:00Z,
C-0457,ada.grant.457@example.net,Ada Grant,2026-03-30T04:00:00Z,
C-0458,uma.alvarez.458@example.net,Uma Alvarez,2024-03-19T04:00:00Z,
C-0459,tara.khan.721@example.net,Tara Khan,2024-03-07T05:00:00Z,
C-0460,vik.ito.460@example.net,Vik Ito,2024-07-08T04:00:00Z,
C-0461,gia.tanaka.461@example.net,Gia Tanaka,2025-02-25T05:00:00Z,
C-0462,lena.brooks.462@example.net,Lena Brooks,2024-07-24T04:00:00Z,
C-0463,hugo.silva.463@example.net,Hugo Silva,2025-05-27T04:00:00Z,
C-0464,pia.diaz.464@example.net,Pia Diaz,2025-02-24T05:00:00Z,
C-0465,milo.webb.465@example.net,Milo Webb,2025-09-23T04:00:00Z,
C-0466,iris.grant.466@example.net,Iris Grant,2024-09-16T04:00:00Z,
C-0467,dev.brooks.467@example.net,Dev Brooks,2025-11-09T05:00:00Z,
C-0468,omar.reyes.468@example.net,Omar Reyes,2024-06-21T04:00:00Z,
C-0469,hugo.hale.469@example.net,Hugo Hale,2026-02-07T05:00:00Z,
C-0470,gia.nunez.470@example.net,Gia Nunez,2024-06-07T04:00:00Z,
C-0471,vik.moreau.471@example.net,Vik Moreau,2025-04-04T04:00:00Z,
C-0472,gia.ito.472@example.net,Gia Ito,2024-11-23T05:00:00Z,
C-0473,lena.hale.473@example.net,Lena Hale,2026-05-09T04:00:00Z,
C-0474,iris.khan.474@example.net,Iris Khan,2024-08-05T04:00:00Z,
C-0475,hugo.flores.475@example.net,Hugo Flores,2025-07-26T04:00:00Z,
C-0476,yara.reyes.476@example.net,Yara Reyes,2024-12-23T05:00:00Z,
C-0477,milo.diaz.477@example.net,Milo Diaz,2025-08-24T04:00:00Z,2026-01-04T05:00:00Z
C-0478,ben.silva.478@example.net,Ben Silva,2025-02-20T05:00:00Z,
C-0479,hugo.tanaka.479@example.net,Hugo Tanaka,2026-04-12T04:00:00Z,
C-0480,yara.chen.480@example.net,Yara Chen,2025-03-21T04:00:00Z,
C-0481,wren.tanaka.481@example.net,Wren Tanaka,2025-10-12T04:00:00Z,
C-0482,omar.quist.482@example.net,Omar Quist,2025-04-19T04:00:00Z,
C-0483,nora.egan.483@example.net,Nora Egan,2024-04-20T04:00:00Z,
C-0484,yara.webb.484@example.net,Yara Webb,2024-08-16T04:00:00Z,
C-0485,sam.webb.485@example.net,Sam Webb,2025-10-11T04:00:00Z,
C-0486,quinn.park.486@example.net,Quinn Park,2024-06-02T04:00:00Z,
C-0487,yara.diaz.487@example.net,Yara Diaz,2026-01-09T05:00:00Z,
C-0488,lena.khan.488@example.net,Lena Khan,2024-06-11T04:00:00Z,
C-0489,pia.lopez.489@example.net,Pia Lopez,2026-03-03T05:00:00Z,
C-0490,tara.diaz.490@example.net,Tara Diaz,2026-01-29T05:00:00Z,
C-0491,ela.reyes.491@example.net,Ela Reyes,2024-12-20T05:00:00Z,
C-0492,hugo.park.492@example.net,Hugo Park,2026-02-18T05:00:00Z,
C-0493,dev.ito.493@example.net,Dev Ito,2025-05-07T04:00:00Z,
C-0494,rosa.brooks.494@example.net,Rosa Brooks,2025-10-04T04:00:00Z,
C-0495,quinn.tanaka.495@example.net,Quinn Tanaka,2024-01-16T05:00:00Z,
C-0496,cleo.okafor.496@example.net,Cleo Okafor,2026-03-07T05:00:00Z,
C-0497,sam.silva.497@example.net,Sam Silva,2025-07-09T04:00:00Z,
C-0498,hugo.khan.498@example.net,Hugo Khan,2025-06-01T04:00:00Z,
C-0499,ada.nunez.499@example.net,Ada Nunez,2025-11-26T05:00:00Z,
C-0500,rosa.alvarez.500@example.net,Rosa Alvarez,2024-03-15T04:00:00Z,
C-0501,gia.vance.501@example.net,Gia Vance,2026-03-26T04:00:00Z,
C-0502,gia.grant.502@example.net,Gia Grant,2025-01-18T05:00:00Z,
C-0503,zed.brooks.503@example.net,Zed Brooks,2026-02-21T05:00:00Z,
C-0504,uma.okafor.504@example.net,Uma Okafor,2024-11-10T05:00:00Z,
C-0505,jon.alvarez.505@example.net,Jon Alvarez,2024-03-03T05:00:00Z,
C-0506,iris.chen.506@example.net,Iris Chen,2025-07-11T04:00:00Z,
C-0507,pia.brooks.507@example.net,Pia Brooks,2024-05-12T04:00:00Z,
C-0508,quinn.webb.508@example.net,Quinn Webb,2026-01-02T05:00:00Z,
C-0509,ben.ito.509@example.net,Ben Ito,2025-01-16T05:00:00Z,
C-0510,lena.diaz.510@example.net,Lena Diaz,2024-11-05T05:00:00Z,
C-0511,sam.nunez.511@example.net,Sam Nunez,2026-01-14T05:00:00Z,
C-0512,kai.grant.512@example.net,Kai Grant,2024-12-19T05:00:00Z,
C-0513,sam.diaz.513@example.net,Sam Diaz,2026-05-28T04:00:00Z,
C-0514,dev.grant.514@example.net,Dev Grant,2024-12-20T05:00:00Z,
C-0515,omar.vance.515@example.net,Omar Vance,2024-08-19T04:00:00Z,
C-0516,dev.lopez.516@example.net,Dev Lopez,2024-01-15T05:00:00Z,
C-0517,dev.alvarez.517@example.net,Dev Alvarez,2024-08-09T04:00:00Z,
C-0518,uma.tanaka.518@example.net,Uma Tanaka,2026-01-20T05:00:00Z,
C-0519,yara.tanaka.519@example.net,Yara Tanaka,2025-01-17T05:00:00Z,
C-0520,wren.alvarez.520@example.net,Wren Alvarez,2026-05-03T04:00:00Z,
C-0521,cleo.nunez.521@example.net,Cleo Nunez,2024-02-12T05:00:00Z,
C-0522,vik.webb.522@example.net,Vik Webb,2025-10-07T04:00:00Z,
C-0523,tara.grant.523@example.net,Tara Grant,2025-11-23T05:00:00Z,
C-0524,zed.chen.524@example.net,Zed Chen,2024-04-19T04:00:00Z,
C-0525,quinn.nunez.525@example.net,Quinn Nunez,2024-06-05T04:00:00Z,
C-0526,quinn.silva.526@example.net,Quinn Silva,2024-12-11T05:00:00Z,
C-0527,gia.khan.527@example.net,Gia Khan,2024-09-26T04:00:00Z,
C-0528,kai.flores.528@example.net,Kai Flores,2025-03-05T05:00:00Z,
C-0529,pia.webb.529@example.net,Pia Webb,2025-10-30T04:00:00Z,
C-0530,jon.park.530@example.net,Jon Park,2024-06-07T04:00:00Z,
C-0531,uma.okafor.531@example.net,Uma Okafor,2024-08-20T04:00:00Z,
C-0532,omar.moreau.532@example.net,Omar Moreau,2025-03-09T05:00:00Z,2026-05-25T04:00:00Z
C-0533,yara.khan.533@example.net,Yara Khan,2024-03-27T04:00:00Z,
C-0534,nora.reyes.534@example.net,Nora Reyes,2025-05-15T04:00:00Z,
C-0535,omar.brooks.535@example.net,Omar Brooks,2026-04-22T04:00:00Z,
C-0536,sam.flores.536@example.net,Sam Flores,2024-10-16T04:00:00Z,
C-0537,tara.chen.537@example.net,Tara Chen,2024-01-31T05:00:00Z,
C-0538,cleo.alvarez.538@example.net,Cleo Alvarez,2024-10-14T04:00:00Z,
C-0539,vik.brooks.539@example.net,Vik Brooks,2025-09-14T04:00:00Z,
C-0540,ela.alvarez.540@example.net,Ela Alvarez,2026-02-02T05:00:00Z,
C-0541,rosa.nunez.541@example.net,Rosa Nunez,2025-11-25T05:00:00Z,
C-0542,vik.quist.542@example.net,Vik Quist,2025-03-17T04:00:00Z,
C-0543,wren.webb.543@example.net,Wren Webb,2025-08-04T04:00:00Z,
C-0544,jon.ueda.544@example.net,Jon Ueda,2026-05-16T04:00:00Z,
C-0545,jon.lopez.545@example.net,Jon Lopez,2024-03-05T05:00:00Z,
C-0546,iris.ueda.546@example.net,Iris Ueda,2024-12-02T05:00:00Z,
C-0547,ada.brooks.547@example.net,Ada Brooks,2025-08-25T04:00:00Z,
C-0548,nora.diaz.548@example.net,Nora Diaz,2024-04-26T04:00:00Z,
C-0549,zed.chen.549@example.net,Zed Chen,2024-10-22T04:00:00Z,
C-0550,dev.khan.550@example.net,Dev Khan,2025-01-07T05:00:00Z,
C-0551,finn.khan.551@example.net,Finn Khan,2024-11-02T04:00:00Z,
C-0552,ada.silva.552@example.net,Ada Silva,2024-05-28T04:00:00Z,
C-0553,rosa.ueda.553@example.net,Rosa Ueda,2026-04-02T04:00:00Z,
C-0554,iris.reyes.554@example.net,Iris Reyes,2025-10-09T04:00:00Z,
C-0555,zed.brooks.555@example.net,Zed Brooks,2025-03-16T04:00:00Z,
C-0556,vik.khan.556@example.net,Vik Khan,2025-07-02T04:00:00Z,
C-0557,ela.chen.557@example.net,Ela Chen,2025-05-22T04:00:00Z,
C-0558,tara.ueda.558@example.net,Tara Ueda,2024-02-11T05:00:00Z,
C-0559,wren.reyes.559@example.net,Wren Reyes,2024-07-11T04:00:00Z,
C-0560,finn.lopez.560@example.net,Finn Lopez,2025-08-04T04:00:00Z,
C-0561,omar.ito.561@example.net,Omar Ito,2025-06-13T04:00:00Z,
C-0562,ben.diaz.562@example.net,Ben Diaz,2025-10-31T04:00:00Z,
C-0563,gia.khan.563@example.net,Gia Khan,2026-03-16T04:00:00Z,
C-0564,cleo.park.564@example.net,Cleo Park,2024-01-31T05:00:00Z,
C-0565,zed.flores.565@example.net,Zed Flores,2024-04-12T04:00:00Z,
C-0566,pia.park.566@example.net,Pia Park,2024-09-27T04:00:00Z,
C-0567,quinn.egan.567@example.net,Quinn Egan,2025-07-06T04:00:00Z,
C-0568,wren.jensen.568@example.net,Wren Jensen,2026-05-31T04:00:00Z,
C-0569,hugo.jensen.569@example.net,Hugo Jensen,2025-04-21T04:00:00Z,
C-0570,dev.jensen.570@example.net,Dev Jensen,2025-08-19T04:00:00Z,
C-0571,wren.flores.571@example.net,Wren Flores,2024-04-03T04:00:00Z,2024-10-31T04:00:00Z
C-0572,ben.tanaka.572@example.net,Ben Tanaka,2026-02-22T05:00:00Z,
C-0573,vik.silva.573@example.net,Vik Silva,2025-01-17T05:00:00Z,
C-0574,cleo.moreau.574@example.net,Cleo Moreau,2026-05-03T04:00:00Z,
C-0575,gia.alvarez.575@example.net,Gia Alvarez,2025-04-18T04:00:00Z,
C-0576,dev.vance.576@example.net,Dev Vance,2024-05-15T04:00:00Z,
C-0577,ada.alvarez.577@example.net,Ada Alvarez,2024-11-04T05:00:00Z,
C-0578,lena.khan.578@example.net,Lena Khan,2025-08-05T04:00:00Z,
C-0579,rosa.khan.579@example.net,Rosa Khan,2025-06-12T04:00:00Z,
C-0580,omar.moreau.580@example.net,Omar Moreau,2024-11-19T05:00:00Z,
C-0581,cleo.diaz.581@example.net,Cleo Diaz,2025-07-14T04:00:00Z,
C-0582,hugo.flores.582@example.net,Hugo Flores,2024-04-22T04:00:00Z,
C-0583,lena.lopez.583@example.net,Lena Lopez,2026-01-23T05:00:00Z,
C-0584,gia.jensen.584@example.net,Gia Jensen,2025-11-07T05:00:00Z,
C-0585,milo.khan.585@example.net,Milo Khan,2026-02-17T05:00:00Z,
C-0586,cleo.alvarez.586@example.net,Cleo Alvarez,2026-03-11T04:00:00Z,
C-0587,sam.flores.587@example.net,Sam Flores,2024-08-16T04:00:00Z,
C-0588,zed.moreau.588@example.net,Zed Moreau,2024-11-06T05:00:00Z,2025-05-08T04:00:00Z
C-0589,zed.grant.589@example.net,Zed Grant,2024-06-08T04:00:00Z,
C-0590,ben.okafor.590@example.net,Ben Okafor,2025-03-10T04:00:00Z,
C-0591,kai.tanaka.591@example.net,Kai Tanaka,2026-01-12T05:00:00Z,
C-0592,kai.alvarez.592@example.net,Kai Alvarez,2024-06-11T04:00:00Z,
C-0593,hugo.diaz.593@example.net,Hugo Diaz,2024-04-28T04:00:00Z,
C-0594,nora.silva.594@example.net,Nora Silva,2024-03-28T04:00:00Z,
C-0595,lena.chen.595@example.net,Lena Chen,2026-05-22T04:00:00Z,
C-0596,quinn.park.596@example.net,Quinn Park,2024-10-25T04:00:00Z,
C-0597,finn.jensen.597@example.net,Finn Jensen,2024-05-16T04:00:00Z,
C-0598,quinn.park.598@example.net,Quinn Park,2024-09-03T04:00:00Z,
C-0599,rosa.reyes.599@example.net,Rosa Reyes,2024-02-16T05:00:00Z,
C-0600,rosa.brooks.600@example.net,Rosa Brooks,2025-05-04T04:00:00Z,
C-0601,milo.jensen.601@example.net,Milo Jensen,2025-09-24T04:00:00Z,
C-0602,dev.chen.602@example.net,Dev Chen,2024-04-08T04:00:00Z,
C-0603,sam.park.603@example.net,Sam Park,2025-04-25T04:00:00Z,
C-0604,ben.flores.604@example.net,Ben Flores,2026-05-14T04:00:00Z,
C-0605,ela.egan.605@example.net,Ela Egan,2025-09-20T04:00:00Z,
C-0606,yara.reyes.606@example.net,Yara Reyes,2025-05-07T04:00:00Z,
C-0607,kai.flores.607@example.net,Kai Flores,2024-01-13T05:00:00Z,
C-0608,yara.moreau.608@example.net,Yara Moreau,2025-08-05T04:00:00Z,
C-0609,yara.moreau.609@example.net,Yara Moreau,2024-06-18T04:00:00Z,
C-0610,rosa.diaz.610@example.net,Rosa Diaz,2026-04-29T04:00:00Z,
C-0611,omar.chen.611@example.net,Omar Chen,2024-02-05T05:00:00Z,
C-0612,omar.moreau.612@example.net,Omar Moreau,2024-06-06T04:00:00Z,
C-0613,milo.egan.613@example.net,Milo Egan,2025-03-06T05:00:00Z,
C-0614,tara.park.614@example.net,Tara Park,2024-08-11T04:00:00Z,
C-0615,finn.flores.615@example.net,Finn Flores,2025-10-12T04:00:00Z,
C-0616,zed.jensen.616@example.net,Zed Jensen,2026-03-27T04:00:00Z,
C-0617,lena.hale.617@example.net,Lena Hale,2024-09-25T04:00:00Z,
C-0618,jon.vance.618@example.net,Jon Vance,2026-04-30T04:00:00Z,
C-0619,iris.grant.619@example.net,Iris Grant,2026-04-24T04:00:00Z,2026-05-12T04:00:00Z
C-0620,lena.diaz.620@example.net,Lena Diaz,2024-09-14T04:00:00Z,
C-0621,jon.okafor.621@example.net,Jon Okafor,2025-09-05T04:00:00Z,
C-0622,milo.diaz.622@example.net,Milo Diaz,2024-08-28T04:00:00Z,
C-0623,nora.grant.623@example.net,Nora Grant,2024-11-08T05:00:00Z,
C-0624,dev.reyes.624@example.net,Dev Reyes,2024-09-17T04:00:00Z,
C-0625,wren.reyes.625@example.net,Wren Reyes,2025-10-09T04:00:00Z,
C-0626,lena.khan.626@example.net,Lena Khan,2024-12-31T05:00:00Z,
C-0627,yara.quist.627@example.net,Yara Quist,2024-10-12T04:00:00Z,
C-0628,rosa.silva.628@example.net,Rosa Silva,2024-08-31T04:00:00Z,
C-0629,iris.alvarez.629@example.net,Iris Alvarez,2024-05-01T04:00:00Z,
C-0630,kai.park.630@example.net,Kai Park,2025-02-26T05:00:00Z,2026-04-01T04:00:00Z
C-0631,omar.grant.631@example.net,Omar Grant,2025-02-12T05:00:00Z,
C-0632,tara.khan.632@example.net,Tara Khan,2024-05-29T04:00:00Z,
C-0633,vik.ueda.633@example.net,Vik Ueda,2025-09-14T04:00:00Z,
C-0634,tara.nunez.634@example.net,Tara Nunez,2024-10-11T04:00:00Z,
C-0635,wren.webb.635@example.net,Wren Webb,2026-05-28T04:00:00Z,
C-0636,tara.silva.636@example.net,Tara Silva,2024-04-22T04:00:00Z,
C-0637,iris.nunez.637@example.net,Iris Nunez,2024-09-22T04:00:00Z,
C-0638,finn.nunez.638@example.net,Finn Nunez,2024-08-24T04:00:00Z,
C-0639,nora.vance.639@example.net,Nora Vance,2024-08-11T04:00:00Z,2025-05-02T04:00:00Z
C-0640,ela.grant.640@example.net,Ela Grant,2024-02-04T05:00:00Z,
C-0641,ela.brooks.641@example.net,Ela Brooks,2025-05-22T04:00:00Z,
C-0642,ada.nunez.642@example.net,Ada Nunez,2024-04-25T04:00:00Z,
C-0643,sam.flores.643@example.net,Sam Flores,2024-06-22T04:00:00Z,
C-0644,rosa.nunez.644@example.net,Rosa Nunez,2024-03-29T04:00:00Z,
C-0645,sam.lopez.645@example.net,Sam Lopez,2025-01-22T05:00:00Z,
C-0646,gia.diaz.646@example.net,Gia Diaz,2024-12-27T05:00:00Z,
C-0647,quinn.hale.647@example.net,Quinn Hale,2024-10-07T04:00:00Z,2025-07-02T04:00:00Z
C-0648,yara.nunez.648@example.net,Yara Nunez,2026-01-06T05:00:00Z,
C-0649,rosa.webb.649@example.net,Rosa Webb,2026-01-10T05:00:00Z,
C-0650,zed.reyes.650@example.net,Zed Reyes,2026-05-26T04:00:00Z,
C-0651,lena.okafor.651@example.net,Lena Okafor,2024-08-04T04:00:00Z,
C-0652,hugo.grant.652@example.net,Hugo Grant,2024-08-16T04:00:00Z,
C-0653,jon.hale.653@example.net,Jon Hale,2026-02-17T05:00:00Z,
C-0654,pia.egan.654@example.net,Pia Egan,2026-03-16T04:00:00Z,
C-0655,iris.ito.655@example.net,Iris Ito,2025-11-07T05:00:00Z,
C-0656,kai.diaz.656@example.net,Kai Diaz,2026-01-13T05:00:00Z,
C-0657,milo.brooks.657@example.net,Milo Brooks,2026-05-07T04:00:00Z,
C-0658,ada.flores.658@example.net,Ada Flores,2025-02-08T05:00:00Z,
C-0659,hugo.nunez.659@example.net,Hugo Nunez,2024-04-23T04:00:00Z,
C-0660,zed.hale.660@example.net,Zed Hale,2025-06-14T04:00:00Z,
C-0661,omar.ueda.661@example.net,Omar Ueda,2026-05-22T04:00:00Z,
C-0662,wren.alvarez.662@example.net,Wren Alvarez,2024-03-25T04:00:00Z,
C-0663,yara.quist.663@example.net,Yara Quist,2024-12-22T05:00:00Z,
C-0664,vik.ito.664@example.net,Vik Ito,2025-04-13T04:00:00Z,
C-0665,milo.moreau.665@example.net,Milo Moreau,2025-10-26T04:00:00Z,
C-0666,wren.grant.666@example.net,Wren Grant,2024-07-12T04:00:00Z,
C-0667,nora.brooks.667@example.net,Nora Brooks,2026-01-03T05:00:00Z,
C-0668,sam.diaz.668@example.net,Sam Diaz,2025-07-01T04:00:00Z,2026-03-15T04:00:00Z
C-0669,milo.ito.669@example.net,Milo Ito,2024-06-28T04:00:00Z,
C-0670,dev.silva.670@example.net,Dev Silva,2025-09-13T04:00:00Z,
C-0671,hugo.hale.671@example.net,Hugo Hale,2025-12-02T05:00:00Z,
C-0672,iris.quist.672@example.net,Iris Quist,2024-09-21T04:00:00Z,
C-0673,sam.flores.673@example.net,Sam Flores,2026-05-22T04:00:00Z,
C-0674,ben.grant.674@example.net,Ben Grant,2026-01-26T05:00:00Z,
C-0675,jon.jensen.675@example.net,Jon Jensen,2024-08-28T04:00:00Z,
C-0676,rosa.diaz.676@example.net,Rosa Diaz,2025-09-22T04:00:00Z,
C-0677,omar.silva.677@example.net,Omar Silva,2024-03-07T05:00:00Z,
C-0678,vik.nunez.678@example.net,Vik Nunez,2025-03-27T04:00:00Z,
C-0679,uma.ueda.679@example.net,Uma Ueda,2025-06-13T04:00:00Z,
C-0680,finn.diaz.680@example.net,Finn Diaz,2025-05-16T04:00:00Z,2025-11-05T05:00:00Z
C-0681,tara.chen.681@example.net,Tara Chen,2024-04-11T04:00:00Z,
C-0682,quinn.chen.682@example.net,Quinn Chen,2025-03-26T04:00:00Z,
C-0683,vik.ueda.683@example.net,Vik Ueda,2025-02-26T05:00:00Z,
C-0684,iris.hale.684@example.net,Iris Hale,2024-08-16T04:00:00Z,
C-0685,cleo.egan.685@example.net,Cleo Egan,2025-03-29T04:00:00Z,
C-0686,cleo.nunez.686@example.net,Cleo Nunez,2024-09-10T04:00:00Z,
C-0687,yara.jensen.687@example.net,Yara Jensen,2024-08-15T04:00:00Z,
C-0688,sam.moreau.688@example.net,Sam Moreau,2024-10-04T04:00:00Z,
C-0689,quinn.ito.689@example.net,Quinn Ito,2025-04-06T04:00:00Z,
C-0690,uma.okafor.690@example.net,Uma Okafor,2024-07-29T04:00:00Z,
C-0691,ben.jensen.691@example.net,Ben Jensen,2026-02-19T05:00:00Z,
C-0692,zed.diaz.692@example.net,Zed Diaz,2025-08-07T04:00:00Z,
C-0693,iris.hale.693@example.net,Iris Hale,2024-11-14T05:00:00Z,
C-0694,wren.ito.694@example.net,Wren Ito,2025-05-13T04:00:00Z,
C-0695,finn.grant.695@example.net,Finn Grant,2024-08-04T04:00:00Z,
C-0696,finn.lopez.696@example.net,Finn Lopez,2024-11-02T04:00:00Z,
C-0697,jon.quist.697@example.net,Jon Quist,2025-03-25T04:00:00Z,
C-0698,cleo.egan.698@example.net,Cleo Egan,2025-12-13T05:00:00Z,
C-0699,zed.tanaka.699@example.net,Zed Tanaka,2024-02-10T05:00:00Z,
C-0700,gia.diaz.700@example.net,Gia Diaz,2026-05-22T04:00:00Z,
C-0701,pia.hale.701@example.net,Pia Hale,2025-02-16T05:00:00Z,
C-0702,pia.reyes.702@example.net,Pia Reyes,2026-03-01T05:00:00Z,
C-0703,kai.lopez.703@example.net,Kai Lopez,2024-08-19T04:00:00Z,
C-0704,pia.webb.704@example.net,Pia Webb,2024-05-13T04:00:00Z,
C-0705,nora.nunez.705@example.net,Nora Nunez,2025-05-14T04:00:00Z,2026-05-06T04:00:00Z
C-0706,iris.flores.706@example.net,Iris Flores,2024-08-08T04:00:00Z,
C-0707,omar.park.707@example.net,Omar Park,2024-07-27T04:00:00Z,
C-0708,sam.vance.708@example.net,Sam Vance,2025-12-01T05:00:00Z,
C-0709,jon.egan.709@example.net,Jon Egan,2026-03-09T04:00:00Z,
C-0710,cleo.lopez.710@example.net,Cleo Lopez,2026-01-23T05:00:00Z,
C-0711,rosa.park.711@example.net,Rosa Park,2025-09-01T04:00:00Z,
C-0712,sam.moreau.712@example.net,Sam Moreau,2025-12-04T05:00:00Z,
C-0713,pia.park.713@example.net,Pia Park,2026-02-13T05:00:00Z,
C-0714,quinn.jensen.714@example.net,Quinn Jensen,2026-02-15T05:00:00Z,
C-0715,gia.reyes.715@example.net,Gia Reyes,2025-05-21T04:00:00Z,
C-0716,sam.brooks.716@example.net,Sam Brooks,2025-02-22T05:00:00Z,
C-0717,dev.reyes.717@example.net,Dev Reyes,2025-06-12T04:00:00Z,
C-0718,pia.grant.718@example.net,Pia Grant,2024-04-18T04:00:00Z,
C-0719,sam.park.719@example.net,Sam Park,2025-06-24T04:00:00Z,2026-05-08T04:00:00Z
C-0720,hugo.vance.720@example.net,Hugo Vance,2024-08-03T04:00:00Z,
C-0721,tara.khan.721@example.net,Tara Khan,2024-08-16T04:00:00Z,
C-0722,sam.grant.722@example.net,Sam Grant,2025-04-03T04:00:00Z,
C-0723,wren.brooks.723@example.net,Wren Brooks,2024-08-22T04:00:00Z,
C-0724,uma.egan.724@example.net,Uma Egan,2025-04-15T04:00:00Z,
C-0725,gia.webb.725@example.net,Gia Webb,2024-05-11T04:00:00Z,
C-0726,yara.reyes.726@example.net,Yara Reyes,2025-06-16T04:00:00Z,
C-0727,rosa.diaz.727@example.net,Rosa Diaz,2024-10-30T04:00:00Z,
C-0728,milo.khan.728@example.net,Milo Khan,2024-03-20T04:00:00Z,
C-0729,iris.reyes.729@example.net,Iris Reyes,2024-01-25T05:00:00Z,
C-0730,ben.webb.730@example.net,Ben Webb,2024-07-08T04:00:00Z,
C-0731,nora.flores.731@example.net,Nora Flores,2024-01-14T05:00:00Z,
C-0732,quinn.nunez.732@example.net,Quinn Nunez,2024-11-25T05:00:00Z,
C-0733,quinn.brooks.733@example.net,Quinn Brooks,2025-02-18T05:00:00Z,
C-0734,hugo.nunez.734@example.net,Hugo Nunez,2024-02-04T05:00:00Z,
C-0735,yara.tanaka.735@example.net,Yara Tanaka,2024-02-06T05:00:00Z,
C-0736,yara.hale.736@example.net,Yara Hale,2024-12-04T05:00:00Z,
C-0737,tara.khan.737@example.net,Tara Khan,2025-01-30T05:00:00Z,
C-0738,finn.reyes.738@example.net,Finn Reyes,2024-10-12T04:00:00Z,
C-0739,milo.grant.739@example.net,Milo Grant,2024-01-30T05:00:00Z,
C-0740,vik.jensen.740@example.net,Vik Jensen,2024-07-21T04:00:00Z,
C-0741,pia.grant.741@example.net,Pia Grant,2024-07-26T04:00:00Z,
C-0742,pia.hale.742@example.net,Pia Hale,2026-04-07T04:00:00Z,
C-0743,dev.khan.743@example.net,Dev Khan,2024-08-21T04:00:00Z,
C-0744,iris.diaz.744@example.net,Iris Diaz,2025-06-22T04:00:00Z,
C-0745,gia.jensen.745@example.net,Gia Jensen,2026-02-09T05:00:00Z,
C-0746,ben.alvarez.746@example.net,Ben Alvarez,2025-12-25T05:00:00Z,
C-0747,yara.okafor.747@example.net,Yara Okafor,2025-01-30T05:00:00Z,
C-0748,gia.alvarez.748@example.net,Gia Alvarez,2025-07-03T04:00:00Z,
C-0749,jon.chen.749@example.net,Jon Chen,2024-04-17T04:00:00Z,
C-0750,tara.silva.750@example.net,Tara Silva,2024-12-15T05:00:00Z,
C-0751,tara.nunez.751@example.net,Tara Nunez,2026-04-30T04:00:00Z,
C-0752,quinn.moreau.752@example.net,Quinn Moreau,2026-03-21T04:00:00Z,
C-0753,nora.lopez.753@example.net,Nora Lopez,2024-01-15T05:00:00Z,
C-0754,kai.silva.754@example.net,Kai Silva,2025-10-25T04:00:00Z,
C-0755,tara.silva.755@example.net,Tara Silva,2025-05-13T04:00:00Z,
C-0756,kai.nunez.756@example.net,Kai Nunez,2025-03-26T04:00:00Z,
C-0757,nora.tanaka.757@example.net,Nora Tanaka,2024-03-31T04:00:00Z,
C-0758,pia.nunez.758@example.net,Pia Nunez,2025-10-16T04:00:00Z,
C-0759,yara.hale.759@example.net,Yara Hale,2026-05-22T04:00:00Z,
C-0760,rosa.vance.760@example.net,Rosa Vance,2025-01-27T05:00:00Z,
C-0761,iris.nunez.761@example.net,Iris Nunez,2025-12-09T05:00:00Z,
C-0762,omar.alvarez.762@example.net,Omar Alvarez,2024-07-05T04:00:00Z,
C-0763,milo.flores.763@example.net,Milo Flores,2025-07-29T04:00:00Z,
C-0764,pia.hale.764@example.net,Pia Hale,2024-05-31T04:00:00Z,
C-0765,pia.khan.765@example.net,Pia Khan,2024-02-07T05:00:00Z,
C-0766,nora.brooks.766@example.net,Nora Brooks,2024-02-02T05:00:00Z,
C-0767,ben.hale.767@example.net,Ben Hale,2025-03-24T04:00:00Z,
C-0768,jon.park.768@example.net,Jon Park,2026-02-11T05:00:00Z,
C-0769,yara.lopez.769@example.net,Yara Lopez,2026-05-29T04:00:00Z,
C-0770,milo.quist.770@example.net,Milo Quist,2024-12-28T05:00:00Z,
C-0771,tara.webb.771@example.net,Tara Webb,2026-03-10T04:00:00Z,
C-0772,dev.hale.772@example.net,Dev Hale,2024-06-11T04:00:00Z,
C-0773,ela.brooks.773@example.net,Ela Brooks,2025-12-09T05:00:00Z,
C-0774,lena.jensen.774@example.net,Lena Jensen,2026-04-28T04:00:00Z,
C-0775,omar.okafor.775@example.net,Omar Okafor,2025-02-07T05:00:00Z,
C-0776,quinn.silva.776@example.net,Quinn Silva,2025-12-28T05:00:00Z,
C-0777,ela.grant.777@example.net,Ela Grant,2025-09-08T04:00:00Z,
C-0778,milo.brooks.778@example.net,Milo Brooks,2025-06-15T04:00:00Z,
C-0779,nora.grant.779@example.net,Nora Grant,2025-05-03T04:00:00Z,
C-0780,sam.egan.780@example.net,Sam Egan,2025-09-01T04:00:00Z,
C-0781,ben.lopez.781@example.net,Ben Lopez,2025-12-21T05:00:00Z,
C-0782,kai.moreau.782@example.net,Kai Moreau,2024-11-14T05:00:00Z,
C-0783,rosa.flores.783@example.net,Rosa Flores,2024-10-26T04:00:00Z,
C-0784,finn.grant.784@example.net,Finn Grant,2025-06-21T04:00:00Z,
C-0785,zed.park.785@example.net,Zed Park,2024-09-16T04:00:00Z,
C-0786,wren.jensen.786@example.net,Wren Jensen,2025-04-17T04:00:00Z,
C-0787,tara.ito.787@example.net,Tara Ito,2024-02-04T05:00:00Z,
C-0788,milo.chen.788@example.net,Milo Chen,2024-09-15T04:00:00Z,
C-0789,iris.vance.789@example.net,Iris Vance,2024-06-27T04:00:00Z,
C-0790,jon.tanaka.790@example.net,Jon Tanaka,2026-02-01T05:00:00Z,
C-0791,dev.lopez.791@example.net,Dev Lopez,2024-10-14T04:00:00Z,
C-0792,dev.nunez.792@example.net,Dev Nunez,2024-11-08T05:00:00Z,
C-0793,ben.okafor.793@example.net,Ben Okafor,2025-06-06T04:00:00Z,
C-0794,dev.vance.794@example.net,Dev Vance,2025-10-16T04:00:00Z,
C-0795,finn.diaz.795@example.net,Finn Diaz,2024-09-04T04:00:00Z,
C-0796,lena.vance.796@example.net,Lena Vance,2025-12-27T05:00:00Z,
C-0797,zed.quist.797@example.net,Zed Quist,2024-10-29T04:00:00Z,
C-0798,iris.chen.798@example.net,Iris Chen,2024-03-13T04:00:00Z,
C-0799,sam.quist.799@example.net,Sam Quist,2025-06-22T04:00:00Z,
C-0800,iris.ito.800@example.net,Iris Ito,2025-04-05T04:00:00Z,
