donation_id,contact_id,campaign_id,amount_usd,donated_at,transaction_id,pledge_id
D-00456,C-0119,CMP-03,25,2026-06-24T16:32:00Z,,
D-00316,C-0633,CMP-05,25,2026-07-27T13:47:00Z,,
D-00439,C-0591,CMP-03,100,2026-03-06T18:28:00Z,,
D-00369,C-0488,CMP-04,100,2026-05-08T14:19:00Z,,
D-00791,C-0573,CMP-03,10,2026-05-27T09:00:00Z,,PL-027
D-00256,C-0761,CMP-02,10,2026-05-25T16:41:00Z,,
D-00019,C-0048,CMP-04,100,2026-07-02T12:09:45Z,TXN-000020,
D-00669,C-0479,CMP-03,10,2026-03-03T09:00:00Z,,PL-003
D-00202,C-0026,CMP-02,250,2026-07-12T17:58:53Z,TXN-000206,
D-00415,C-0363,CMP-01,50,2026-04-20T09:51:00Z,,
D-00171,C-0784,CMP-04,100,2026-07-11T00:34:25Z,TXN-000175,
D-00441,C-0344,CMP-03,10,2026-03-06T15:46:00Z,,
D-00571,C-0047,CMP-05,100,2026-07-19T15:48:00Z,,
D-00264,C-0656,CMP-01,500,2026-03-18T16:01:00Z,,
D-00607,C-0621,CMP-05,100,2026-06-09T12:23:00Z,,
D-00113,C-0212,CMP-02,10,2026-07-06T13:09:54Z,TXN-000115,
D-00025,C-0263,CMP-02,10,2026-07-02T12:52:50Z,TXN-000026,
D-00291,C-0130,CMP-05,50,2026-03-15T18:04:00Z,,
D-00437,C-0464,CMP-03,10,2026-05-09T10:48:00Z,,
D-00005,C-0451,CMP-02,15,2026-07-01T07:44:01Z,TXN-000005,
D-00001,C-0098,CMP-02,25,2026-07-01T12:48:44Z,TXN-000001,
D-00696,C-0562,CMP-03,25,2026-05-08T09:00:00Z,,PL-008
D-00511,C-0551,CMP-01,25,2026-07-19T10:11:00Z,,
D-00481,C-0125,CMP-02,10,2026-04-23T15:00:00Z,,
D-00723,C-0334,CMP-03,25,2026-07-13T09:00:00Z,,PL-013
D-00570,C-0270,CMP-04,10,2026-03-20T17:43:00Z,,
D-00452,C-0671,CMP-02,10,2026-07-11T08:46:00Z,,
D-00490,C-0522,CMP-03,100,2026-07-15T17:34:00Z,,
D-00615,C-0508,CMP-04,500,2026-04-03T18:01:00Z,,
D-00377,C-0288,CMP-03,100,2026-04-25T10:31:00Z,,
D-00758,C-0525,CMP-03,25,2026-07-20T09:00:00Z,,PL-020
D-00203,C-0479,CMP-02,25,2026-07-12T18:17:57Z,TXN-000207,
D-00776,C-0626,CMP-03,10,2026-05-24T09:00:00Z,,PL-024
D-00262,C-0772,CMP-01,10,2026-07-12T16:26:00Z,,
D-00633,C-0065,CMP-01,50,2026-03-04T15:09:00Z,,
D-00625,C-0310,CMP-03,50,2026-04-13T18:59:00Z,,
D-00281,C-0433,CMP-03,25,2026-04-05T15:13:00Z,,
D-00321,C-0526,CMP-02,50,2026-05-10T09:24:00Z,,
D-00124,C-0444,CMP-02,50,2026-07-08T02:37:25Z,TXN-000128,
D-00800,C-0221,CMP-03,25,2026-04-28T09:00:00Z,,PL-029
D-00728,C-0490,CMP-03,10,2026-07-14T09:00:00Z,,PL-014
D-00700,C-0349,CMP-03,25,2026-04-09T09:00:00Z,,PL-009
D-00304,C-0707,CMP-02,100,2026-04-12T16:51:00Z,,
D-00219,C-0128,CMP-04,100,2026-07-13T21:21:00Z,TXN-000223,
D-00734,C-0688,CMP-03,25,2026-03-16T09:00:00Z,,PL-016
D-00138,C-0349,CMP-02,10,2026-07-08T17:05:45Z,TXN-000142,
D-00355,C-0695,CMP-02,50,2026-07-08T19:13:00Z,,
D-00721,C-0334,CMP-03,25,2026-05-13T09:00:00Z,,PL-013
D-00362,C-0338,CMP-04,50,2026-03-26T14:15:00Z,,
D-00737,C-0688,CMP-03,25,2026-06-16T09:00:00Z,,PL-016
D-00098,C-0616,CMP-04,250,2026-07-06T19:36:48Z,TXN-000100,
D-00402,C-0005,CMP-04,50,2026-04-23T11:19:00Z,,
D-00407,C-0635,CMP-02,25,2026-06-15T16:16:00Z,,
D-00765,C-0673,CMP-03,10,2026-04-22T09:00:00Z,,PL-022
D-00562,C-0743,CMP-05,100,2026-05-03T11:53:00Z,,
D-00652,C-0565,CMP-05,500,2026-06-28T11:03:00Z,,
D-00796,C-0227,CMP-03,25,2026-05-28T09:00:00Z,,PL-028
D-00664,C-0283,CMP-03,10,2026-03-02T09:00:00Z,,PL-002
D-00454,C-0014,CMP-01,10,2026-05-20T08:13:00Z,,
D-00348,C-0592,CMP-03,500,2026-07-09T08:28:00Z,,
D-00066,C-0558,CMP-02,250,2026-07-04T23:17:59Z,TXN-000068,
D-00358,C-0200,CMP-05,100,2026-03-21T14:55:00Z,,
D-00592,C-0291,CMP-01,10,2026-03-01T16:49:00Z,,
D-00053,C-0213,CMP-04,10,2026-07-03T16:26:21Z,TXN-000054,
D-00227,C-0255,CMP-04,100,2026-07-14T06:07:04Z,TXN-000231,
D-00346,C-0753,CMP-05,25,2026-05-07T11:36:00Z,,
D-00361,C-0436,CMP-02,500,2026-03-07T15:47:00Z,,
D-00679,C-0460,CMP-03,25,2026-03-05T09:00:00Z,,PL-005
D-00095,C-0460,CMP-04,50,2026-07-06T06:08:56Z,TXN-000097,
D-00314,C-0625,CMP-04,500,2026-03-02T15:53:00Z,,
D-00673,C-0479,CMP-03,10,2026-07-03T09:00:00Z,,PL-003
D-00719,C-0334,CMP-03,25,2026-03-13T09:00:00Z,,PL-013
D-00588,C-0228,CMP-05,25,2026-07-03T08:55:00Z,,
D-00251,C-0049,CMP-04,100,2026-03-26T14:12:00Z,,
D-00006,C-0564,CMP-04,10,2026-07-01T09:11:03Z,TXN-000006,
D-00247,C-0509,CMP-05,100,2026-04-13T11:05:00Z,,
D-00312,C-0768,CMP-05,50,2026-03-21T11:24:00Z,,
D-00539,C-0182,CMP-05,50,2026-03-08T18:02:00Z,,
D-00599,C-0644,CMP-04,100,2026-05-08T09:18:00Z,,
D-00508,C-0411,CMP-02,500,2026-03-11T14:18:00Z,,
D-00255,C-0716,CMP-01,10,2026-04-04T13:34:00Z,,
D-00017,C-0512,CMP-02,10,2026-07-02T05:46:31Z,TXN-000018,
D-00432,C-0010,CMP-03,10,2026-03-04T19:35:00Z,,
D-00657,C-0271,CMP-02,25,2026-06-19T18:30:00Z,,
D-00085,C-0479,CMP-02,100,2026-07-05T09:21:46Z,TXN-000087,
D-00329,C-0610,CMP-03,100,2026-04-14T11:43:00Z,,
D-00326,C-0388,CMP-01,25,2026-07-21T17:46:00Z,,
D-00167,C-0104,CMP-04,100,2026-07-10T21:51:08Z,TXN-000171,
D-00343,C-0661,CMP-05,10,2026-04-28T10:10:00Z,,
D-00475,C-0703,CMP-05,25,2026-03-24T09:55:00Z,,
D-00084,C-0460,CMP-04,250,2026-07-05T13:38:58Z,TXN-000086,
D-00483,C-0767,CMP-05,500,2026-05-25T16:03:00Z,,
D-00211,C-0239,CMP-04,10,2026-07-13T23:21:24Z,TXN-000215,
D-00501,C-0604,CMP-02,25,2026-05-15T08:32:00Z,,
D-00555,C-0505,CMP-01,50,2026-05-26T14:11:00Z,,
D-00527,C-0558,CMP-04,500,2026-03-18T16:41:00Z,,
D-00249,C-0248,CMP-01,500,2026-05-07T11:22:00Z,,
D-00575,C-0549,CMP-05,10,2026-07-10T18:31:00Z,,
D-00112,C-0398,CMP-02,250,2026-07-06T21:27:29Z,TXN-000114,
D-00070,C-0313,CMP-02,10,2026-07-04T12:54:32Z,TXN-000072,
D-00209,C-0538,CMP-02,15,2026-07-13T05:25:10Z,TXN-000213,
D-00363,C-0418,CMP-01,10,2026-03-03T11:10:00Z,,
D-00096,C-0720,CMP-02,250,2026-07-06T16:54:25Z,TXN-000098,
D-00561,C-0564,CMP-04,50,2026-05-04T17:36:00Z,,
D-00176,C-0230,CMP-04,10,2026-07-10T15:24:54Z,TXN-000180,
D-00474,C-0557,CMP-04,500,2026-04-25T14:15:00Z,,
D-00676,C-0367,CMP-03,15,2026-05-04T09:00:00Z,,PL-004
D-00478,C-0088,CMP-02,500,2026-05-14T16:12:00Z,,
D-00640,C-0586,CMP-04,10,2026-03-17T09:20:00Z,,
D-00008,C-0243,CMP-02,15,2026-07-01T05:27:13Z,TXN-000008,
D-00305,C-0016,CMP-05,100,2026-06-18T11:43:00Z,,
D-00613,C-0025,CMP-05,25,2026-05-26T12:24:00Z,,
D-00122,C-0272,CMP-04,50,2026-07-07T22:17:36Z,TXN-000126,
D-00071,C-0064,CMP-02,50,2026-07-05T02:41:30Z,TXN-000073,
D-00717,C-0024,CMP-03,15,2026-06-12T09:00:00Z,,PL-012
D-00619,C-0039,CMP-03,25,2026-04-25T09:39:00Z,,
D-00011,C-0722,CMP-04,25,2026-07-01T15:07:34Z,TXN-000011,
D-00229,C-0508,CMP-04,50,2026-07-14T17:58:32Z,TXN-000233,
D-00265,C-0142,CMP-03,50,2026-03-21T14:38:00Z,,
D-00727,C-0490,CMP-03,10,2026-06-14T09:00:00Z,,PL-014
D-00566,C-0298,CMP-02,25,2026-05-04T15:12:00Z,,
D-00136,C-0235,CMP-04,250,2026-07-08T17:32:49Z,TXN-000140,
D-00764,C-0673,CMP-03,10,2026-03-22T09:00:00Z,,PL-022
D-00182,C-0287,CMP-02,15,2026-07-11T07:47:36Z,TXN-000186,
D-00086,C-0307,CMP-04,50,2026-07-06T02:04:15Z,TXN-000088,
D-00087,C-0537,CMP-02,10,2026-07-05T18:16:20Z,TXN-000089,
D-00026,C-0118,CMP-02,25,2026-07-02T09:57:02Z,TXN-000027,
D-00629,C-0799,CMP-04,100,2026-05-08T19:13:00Z,,
D-00595,C-0457,CMP-02,50,2026-07-07T16:48:00Z,,
D-00163,C-0435,CMP-02,15,2026-07-10T09:26:35Z,TXN-000167,
D-00769,C-0605,CMP-03,10,2026-03-23T09:00:00Z,,PL-023
D-00493,C-0139,CMP-01,100,2026-07-11T08:07:00Z,,
D-00394,C-0388,CMP-04,50,2026-04-28T15:05:00Z,,
D-00587,C-0522,CMP-05,500,2026-04-24T19:48:00Z,,
D-00405,C-0581,CMP-01,25,2026-04-05T15:36:00Z,,
D-00252,C-0575,CMP-05,50,2026-03-13T19:51:00Z,,
D-00159,C-0021,CMP-04,100,2026-07-09T08:40:33Z,TXN-000163,
D-00515,C-0091,CMP-01,10,2026-05-01T13:59:00Z,,
D-00654,C-0126,CMP-02,500,2026-07-04T16:03:00Z,,
D-00079,C-0331,CMP-02,250,2026-07-05T09:12:28Z,TXN-000081,
D-00535,C-0444,CMP-04,10,2026-06-15T12:09:00Z,,
D-00608,C-0590,CMP-01,500,2026-03-11T09:25:00Z,,
D-00446,C-0491,CMP-03,500,2026-06-02T18:27:00Z,,
D-00718,C-0024,CMP-03,15,2026-07-12T09:00:00Z,,PL-012
D-00352,C-0065,CMP-02,10,2026-06-16T09:47:00Z,,
D-00773,C-0605,CMP-03,10,2026-07-23T09:00:00Z,,PL-023
D-00076,C-0265,CMP-04,100,2026-07-04T07:02:52Z,TXN-000078,
D-00576,C-0626,CMP-01,500,2026-05-17T13:43:00Z,,
D-00428,C-0701,CMP-01,50,2026-06-19T11:05:00Z,,
D-00487,C-0471,CMP-03,100,2026-07-07T18:12:00Z,,
D-00016,C-0281,CMP-02,25,2026-07-03T03:18:59Z,TXN-000017,
D-00779,C-0706,CMP-03,25,2026-03-25T09:00:00Z,,PL-025
D-00782,C-0706,CMP-03,25,2026-06-25T09:00:00Z,,PL-025
D-00068,C-0147,CMP-02,100,2026-07-04T06:53:18Z,TXN-000070,
D-00680,C-0460,CMP-03,25,2026-04-05T09:00:00Z,,PL-005
D-00137,C-0520,CMP-02,10,2026-07-09T02:00:20Z,TXN-000141,
D-00662,C-0590,CMP-03,10,2026-06-01T09:00:00Z,,PL-001
D-00476,C-0535,CMP-01,50,2026-04-15T08:05:00Z,,
D-00653,C-0029,CMP-01,25,2026-04-22T13:12:00Z,,
D-00330,C-0134,CMP-04,25,2026-03-05T15:43:00Z,,
D-00389,C-0788,CMP-05,10,2026-06-19T19:55:00Z,,
D-00082,C-0032,CMP-02,10,2026-07-05T10:22:59Z,TXN-000084,
D-00342,C-0660,CMP-03,500,2026-06-13T10:47:00Z,,
D-00014,C-0130,CMP-04,100,2026-07-02T10:33:35Z,TXN-000015,
D-00063,C-0460,CMP-04,100,2026-07-04T23:00:59Z,TXN-000065,
D-00740,C-0100,CMP-03,25,2026-04-17T09:00:00Z,,PL-017
D-00333,C-0774,CMP-04,100,2026-05-16T08:54:00Z,,
D-00199,C-0211,CMP-04,250,2026-07-12T06:48:11Z,TXN-000203,
D-00771,C-0605,CMP-03,10,2026-05-23T09:00:00Z,,PL-023
D-00424,C-0304,CMP-03,100,2026-04-06T15:45:00Z,,
D-00419,C-0510,CMP-02,25,2026-05-21T16:13:00Z,,
D-00387,C-0487,CMP-01,100,2026-03-21T19:58:00Z,,
D-00547,C-0154,CMP-05,50,2026-07-04T12:02:00Z,,
D-00552,C-0654,CMP-01,25,2026-07-13T15:20:00Z,,
D-00436,C-0778,CMP-04,10,2026-06-18T19:58:00Z,,
D-00332,C-0736,CMP-02,100,2026-04-14T11:04:00Z,,
D-00360,C-0204,CMP-01,100,2026-05-19T08:48:00Z,,
D-00357,C-0402,CMP-02,100,2026-07-21T09:01:00Z,,
D-00192,C-0525,CMP-04,100,2026-07-11T11:40:11Z,TXN-000196,
D-00726,C-0490,CMP-03,10,2026-05-14T09:00:00Z,,PL-014
D-00234,C-0161,CMP-02,250,2026-07-15T03:11:27Z,TXN-000238,
D-00447,C-0325,CMP-03,50,2026-04-24T10:22:00Z,,
D-00318,C-0347,CMP-05,50,2026-06-11T17:05:00Z,,
D-00803,C-0221,CMP-03,25,2026-07-28T09:00:00Z,,PL-029
D-00750,C-0062,CMP-03,10,2026-04-19T09:00:00Z,,PL-019
D-00488,C-0523,CMP-03,500,2026-05-18T08:56:00Z,,
D-00445,C-0302,CMP-01,25,2026-07-06T08:55:00Z,,
D-00477,C-0279,CMP-01,100,2026-07-19T15:18:00Z,,
D-00172,C-0469,CMP-02,15,2026-07-10T15:49:51Z,TXN-000176,
D-00499,C-0048,CMP-05,10,2026-06-06T13:07:00Z,,
D-00037,C-0773,CMP-02,10,2026-07-02T12:17:46Z,TXN-000038,
D-00072,C-0313,CMP-04,25,2026-07-04T06:41:29Z,TXN-000074,
D-00391,C-0331,CMP-02,50,2026-04-06T11:23:00Z,,
D-00585,C-0072,CMP-04,50,2026-06-23T18:53:00Z,,
D-00463,C-0284,CMP-03,10,2026-07-09T08:35:00Z,,
D-00540,C-0601,CMP-05,10,2026-07-20T18:46:00Z,,
D-00711,C-0151,CMP-03,10,2026-05-11T09:00:00Z,,PL-011
D-00516,C-0134,CMP-03,10,2026-05-01T08:23:00Z,,
D-00612,C-0307,CMP-02,100,2026-05-09T11:26:00Z,,
D-00450,C-0654,CMP-03,500,2026-03-18T08:38:00Z,,
D-00418,C-0790,CMP-02,50,2026-06-27T18:15:00Z,,
D-00190,C-0049,CMP-02,250,2026-07-12T01:06:01Z,TXN-000194,
D-00620,C-0031,CMP-01,500,2026-05-19T13:37:00Z,,
D-00373,C-0601,CMP-05,100,2026-07-05T10:14:00Z,,
D-00152,C-0586,CMP-04,15,2026-07-09T17:53:06Z,TXN-000156,
D-00577,C-0176,CMP-03,10,2026-04-19T14:39:00Z,,
D-00131,C-0343,CMP-04,100,2026-07-08T19:35:58Z,TXN-000135,
D-00157,C-0674,CMP-04,100,2026-07-09T12:21:48Z,TXN-000161,
D-00313,C-0178,CMP-03,25,2026-06-12T18:06:00Z,,
D-00795,C-0227,CMP-03,25,2026-04-28T09:00:00Z,,PL-028
D-00440,C-0788,CMP-01,100,2026-04-15T14:09:00Z,,
D-00269,C-0182,CMP-02,50,2026-06-02T09:13:00Z,,
D-00245,C-0777,CMP-05,10,2026-03-15T12:09:00Z,,
D-00433,C-0797,CMP-04,50,2026-07-26T14:11:00Z,,
D-00548,C-0657,CMP-03,100,2026-06-09T15:50:00Z,,
D-00042,C-0737,CMP-04,100,2026-07-03T07:12:43Z,TXN-000043,
D-00731,C-0281,CMP-03,10,2026-05-15T09:00:00Z,,PL-015
D-00509,C-0723,CMP-03,25,2026-06-08T15:14:00Z,,
D-00694,C-0562,CMP-03,25,2026-03-08T09:00:00Z,,PL-008
D-00777,C-0626,CMP-03,10,2026-06-24T09:00:00Z,,PL-024
D-00302,C-0113,CMP-01,10,2026-07-27T11:04:00Z,,
D-00275,C-0631,CMP-03,500,2026-06-21T11:06:00Z,,
D-00534,C-0037,CMP-04,500,2026-04-02T10:37:00Z,,
D-00334,C-0246,CMP-04,10,2026-05-15T09:51:00Z,,
D-00621,C-0300,CMP-02,50,2026-05-19T12:43:00Z,,
D-00596,C-0442,CMP-02,25,2026-05-19T16:06:00Z,,
D-00521,C-0285,CMP-05,500,2026-04-16T12:32:00Z,,
D-00651,C-0148,CMP-03,100,2026-06-08T14:59:00Z,,
D-00388,C-0444,CMP-04,25,2026-06-13T14:23:00Z,,
D-00553,C-0569,CMP-01,100,2026-05-08T19:55:00Z,,
D-00546,C-0035,CMP-05,100,2026-07-18T17:41:00Z,,
D-00170,C-0641,CMP-04,50,2026-07-10T09:04:34Z,TXN-000174,
D-00104,C-0618,CMP-04,250,2026-07-06T20:45:17Z,TXN-000106,
D-00179,C-0060,CMP-02,10,2026-07-11T02:47:01Z,TXN-000183,
D-00542,C-0561,CMP-04,500,2026-05-18T17:55:00Z,,
D-00768,C-0673,CMP-03,10,2026-07-22T09:00:00Z,,PL-022
D-00338,C-0664,CMP-01,500,2026-03-18T12:11:00Z,,
D-00550,C-0459,CMP-04,100,2026-07-22T17:18:00Z,,
D-00022,C-0644,CMP-02,100,2026-07-02T20:44:38Z,TXN-000023,
D-00133,C-0280,CMP-04,15,2026-07-08T10:10:55Z,TXN-000137,
D-00148,C-0522,CMP-04,15,2026-07-09T06:23:49Z,TXN-000152,
D-00108,C-0387,CMP-04,100,2026-07-06T14:34:46Z,TXN-000110,
D-00691,C-0044,CMP-03,25,2026-05-07T09:00:00Z,,PL-007
D-00735,C-0688,CMP-03,25,2026-04-16T09:00:00Z,,PL-016
D-00417,C-0462,CMP-02,25,2026-03-04T11:26:00Z,,
D-00344,C-0685,CMP-02,25,2026-06-22T16:45:00Z,,
D-00034,C-0171,CMP-02,50,2026-07-02T05:41:37Z,TXN-000035,
D-00276,C-0163,CMP-01,10,2026-07-19T11:34:00Z,,
D-00712,C-0151,CMP-03,10,2026-06-11T09:00:00Z,,PL-011
D-00431,C-0485,CMP-01,10,2026-07-03T11:18:00Z,,
D-00274,C-0542,CMP-03,25,2026-03-04T15:28:00Z,,
D-00024,C-0035,CMP-02,50,2026-07-02T10:30:33Z,TXN-000025,
D-00601,C-0731,CMP-02,50,2026-05-18T12:00:00Z,,
D-00384,C-0117,CMP-01,500,2026-06-03T14:27:00Z,,
D-00210,C-0004,CMP-02,100,2026-07-13T10:09:07Z,TXN-000214,
D-00678,C-0367,CMP-03,15,2026-07-04T09:00:00Z,,PL-004
D-00556,C-0002,CMP-02,10,2026-03-01T08:37:00Z,,
D-00598,C-0589,CMP-03,50,2026-06-28T14:56:00Z,,
D-00166,C-0096,CMP-04,50,2026-07-10T07:31:01Z,TXN-000170,
D-00537,C-0255,CMP-04,500,2026-06-26T08:34:00Z,,
D-00186,C-0264,CMP-04,25,2026-07-12T01:03:25Z,TXN-000190,
D-00661,C-0590,CMP-03,10,2026-05-01T09:00:00Z,,PL-001
D-00050,C-0314,CMP-04,250,2026-07-03T19:41:19Z,TXN-000051,
D-00385,C-0662,CMP-05,500,2026-03-26T12:29:00Z,,
D-00287,C-0490,CMP-02,50,2026-05-20T10:45:00Z,,
D-00772,C-0605,CMP-03,10,2026-06-23T09:00:00Z,,PL-023
D-00204,C-0518,CMP-02,25,2026-07-12T12:39:38Z,TXN-000208,
D-00586,C-0781,CMP-05,100,2026-06-12T16:58:00Z,,
D-00572,C-0459,CMP-02,25,2026-07-13T14:24:00Z,,
D-00010,C-0446,CMP-04,10,2026-07-01T23:43:47Z,TXN-000010,
D-00184,C-0323,CMP-04,50,2026-07-11T19:34:32Z,TXN-000188,
D-00015,C-0580,CMP-02,250,2026-07-02T12:47:33Z,TXN-000016,
D-00075,C-0554,CMP-02,25,2026-07-04T09:58:29Z,TXN-000077,
D-00692,C-0044,CMP-03,25,2026-06-07T09:00:00Z,,PL-007
D-00618,C-0370,CMP-02,500,2026-03-04T16:05:00Z,,
D-00073,C-0525,CMP-02,50,2026-07-04T08:14:25Z,TXN-000075,
D-00406,C-0232,CMP-03,10,2026-05-13T08:17:00Z,,
D-00583,C-0170,CMP-04,25,2026-03-04T12:12:00Z,,
D-00706,C-0013,CMP-03,10,2026-05-10T09:00:00Z,,PL-010
D-00794,C-0227,CMP-03,25,2026-03-28T09:00:00Z,,PL-028
D-00739,C-0100,CMP-03,25,2026-03-17T09:00:00Z,,PL-017
D-00292,C-0179,CMP-01,50,2026-05-17T15:40:00Z,,
D-00185,C-0564,CMP-04,10,2026-07-11T15:18:33Z,TXN-000189,
D-00382,C-0205,CMP-04,25,2026-05-06T13:29:00Z,,
D-00266,C-0036,CMP-04,25,2026-03-24T19:18:00Z,,
D-00102,C-0039,CMP-04,15,2026-07-06T17:44:44Z,TXN-000104,
D-00105,C-0587,CMP-02,50,2026-07-06T05:40:34Z,TXN-000107,
D-00155,C-0440,CMP-04,50,2026-07-10T03:06:17Z,TXN-000159,
D-00617,C-0126,CMP-01,10,2026-03-09T11:10:00Z,,
D-00660,C-0590,CMP-03,10,2026-04-01T09:00:00Z,,PL-001
D-00743,C-0100,CMP-03,25,2026-07-17T09:00:00Z,,PL-017
D-00593,C-0133,CMP-05,100,2026-03-09T14:04:00Z,,
D-00257,C-0672,CMP-01,25,2026-06-17T15:20:00Z,,
D-00283,C-0002,CMP-04,25,2026-06-14T18:45:00Z,,
D-00289,C-0494,CMP-01,500,2026-04-05T14:56:00Z,,
D-00492,C-0314,CMP-03,50,2026-03-26T11:56:00Z,,
D-00323,C-0037,CMP-05,100,2026-04-28T15:23:00Z,,
D-00648,C-0185,CMP-05,10,2026-06-28T13:16:00Z,,
D-00067,C-0497,CMP-04,50,2026-07-04T05:48:52Z,TXN-000069,
D-00368,C-0777,CMP-03,500,2026-03-14T08:38:00Z,,
D-00222,C-0123,CMP-02,25,2026-07-15T03:23:01Z,TXN-000226,
D-00069,C-0396,CMP-04,100,2026-07-04T16:17:04Z,TXN-000071,
D-00135,C-0690,CMP-02,100,2026-07-08T08:23:47Z,TXN-000139,
D-00116,C-0064,CMP-02,25,2026-07-07T12:50:31Z,TXN-000118,
D-00567,C-0407,CMP-01,25,2026-06-17T14:52:00Z,,
D-00522,C-0263,CMP-05,500,2026-05-12T17:48:00Z,,
D-00505,C-0024,CMP-03,100,2026-04-28T18:11:00Z,,
D-00461,C-0692,CMP-05,10,2026-03-25T09:26:00Z,,
D-00177,C-0726,CMP-02,10,2026-07-10T07:29:49Z,TXN-000181,
D-00494,C-0172,CMP-05,25,2026-03-01T18:11:00Z,,
D-00443,C-0377,CMP-02,10,2026-03-01T16:07:00Z,,
D-00703,C-0349,CMP-03,25,2026-07-09T09:00:00Z,,PL-009
D-00378,C-0120,CMP-02,100,2026-03-06T17:05:00Z,,
D-00627,C-0690,CMP-01,10,2026-07-04T11:37:00Z,,
D-00517,C-0463,CMP-03,50,2026-04-19T15:44:00Z,,
D-00253,C-0082,CMP-04,500,2026-05-20T14:49:00Z,,
D-00168,C-0384,CMP-02,25,2026-07-10T22:09:53Z,TXN-000172,
D-00013,C-0247,CMP-02,250,2026-07-02T12:42:55Z,TXN-000014,
D-00688,C-0274,CMP-03,25,2026-07-06T09:00:00Z,,PL-006
D-00381,C-0128,CMP-01,500,2026-06-02T12:50:00Z,,
D-00449,C-0425,CMP-02,25,2026-06-26T09:56:00Z,,
D-00684,C-0274,CMP-03,25,2026-03-06T09:00:00Z,,PL-006
D-00223,C-0498,CMP-04,100,2026-07-14T13:43:36Z,TXN-000227,
D-00530,C-0363,CMP-02,50,2026-06-23T16:33:00Z,,
D-00367,C-0255,CMP-04,50,2026-05-23T11:50:00Z,,
D-00216,C-0687,CMP-02,10,2026-07-13T23:19:33Z,TXN-000220,
D-00755,C-0525,CMP-03,25,2026-04-20T09:00:00Z,,PL-020
D-00600,C-0014,CMP-04,100,2026-03-18T15:19:00Z,,
D-00349,C-0186,CMP-01,100,2026-05-02T17:09:00Z,,
D-00604,C-0456,CMP-01,500,2026-05-23T18:41:00Z,,
D-00622,C-0357,CMP-05,50,2026-04-25T18:24:00Z,,
D-00328,C-0384,CMP-05,100,2026-03-28T19:43:00Z,,
D-00526,C-0491,CMP-05,50,2026-06-10T17:34:00Z,,
D-00150,C-0777,CMP-02,50,2026-07-09T22:58:33Z,TXN-000154,
D-00560,C-0734,CMP-01,10,2026-03-28T12:05:00Z,,
D-00364,C-0319,CMP-02,25,2026-03-08T12:52:00Z,,
D-00231,C-0509,CMP-02,25,2026-07-14T11:57:12Z,TXN-000235,
D-00472,C-0699,CMP-05,10,2026-06-04T11:47:00Z,,
D-00637,C-0278,CMP-03,500,2026-06-17T09:17:00Z,,
D-00380,C-0457,CMP-01,50,2026-03-05T14:42:00Z,,
D-00043,C-0065,CMP-02,15,2026-07-04T00:12:04Z,TXN-000044,
D-00469,C-0566,CMP-01,25,2026-06-10T17:30:00Z,,
D-00224,C-0738,CMP-04,10,2026-07-14T09:10:32Z,TXN-000228,
D-00536,C-0767,CMP-01,500,2026-05-12T19:44:00Z,,
D-00507,C-0670,CMP-04,10,2026-03-26T16:59:00Z,,
D-00713,C-0151,CMP-03,10,2026-07-11T09:00:00Z,,PL-011
D-00674,C-0367,CMP-03,15,2026-03-04T09:00:00Z,,PL-004
D-00241,C-0468,CMP-04,25,2026-06-05T12:55:00Z,,
D-00738,C-0688,CMP-03,25,2026-07-16T09:00:00Z,,PL-016
D-00297,C-0580,CMP-03,50,2026-03-11T14:19:00Z,,
D-00007,C-0151,CMP-04,250,2026-07-01T19:33:46Z,TXN-000007,
D-00284,C-0284,CMP-01,50,2026-03-28T15:41:00Z,,
D-00061,C-0015,CMP-02,50,2026-07-04T13:42:44Z,TXN-000062,
D-00783,C-0706,CMP-03,25,2026-07-25T09:00:00Z,,PL-025
D-00802,C-0221,CMP-03,25,2026-06-28T09:00:00Z,,PL-029
D-00683,C-0460,CMP-03,25,2026-07-05T09:00:00Z,,PL-005
D-00457,C-0296,CMP-01,50,2026-04-09T19:22:00Z,,
D-00130,C-0594,CMP-02,100,2026-07-08T06:00:13Z,TXN-000134,
D-00056,C-0074,CMP-04,25,2026-07-03T23:29:27Z,TXN-000057,
D-00426,C-0054,CMP-05,10,2026-04-13T11:46:00Z,,
D-00260,C-0333,CMP-05,10,2026-07-21T19:34:00Z,,
D-00059,C-0800,CMP-04,250,2026-07-05T00:35:18Z,TXN-000060,
D-00147,C-0124,CMP-04,25,2026-07-09T19:59:57Z,TXN-000151,
D-00246,C-0334,CMP-01,500,2026-03-07T09:48:00Z,,
D-00804,C-0298,CMP-03,10,2026-03-28T09:00:00Z,,PL-030
D-00658,C-0495,CMP-03,500,2026-05-21T08:00:00Z,,
D-00187,C-0511,CMP-02,10,2026-07-11T18:49:51Z,TXN-000191,
D-00055,C-0063,CMP-02,15,2026-07-03T05:00:46Z,TXN-000056,
D-00057,C-0296,CMP-02,10,2026-07-04T18:01:34Z,TXN-000058,
D-00766,C-0673,CMP-03,10,2026-05-22T09:00:00Z,,PL-022
D-00614,C-0650,CMP-03,500,2026-07-02T18:37:00Z,,
D-00460,C-0547,CMP-03,500,2026-03-15T14:08:00Z,,
D-00733,C-0281,CMP-03,10,2026-07-15T09:00:00Z,,PL-015
D-00296,C-0448,CMP-01,500,2026-03-07T10:55:00Z,,
D-00205,C-9001,CMP-02,15,2026-07-12T21:53:31Z,TXN-000209,
D-00366,C-0081,CMP-05,25,2026-03-11T12:00:00Z,,
D-00020,C-0011,CMP-02,10,2026-07-02T09:04:47Z,TXN-000021,
D-00240,C-0787,CMP-01,500,2026-04-15T16:10:00Z,,
D-00191,C-0770,CMP-02,50,2026-07-11T16:46:56Z,TXN-000195,
D-00119,C-0093,CMP-02,15,2026-07-07T06:11:05Z,TXN-000121,
D-00044,C-0242,CMP-02,10,2026-07-04T02:27:51Z,TXN-000045,
D-00279,C-0428,CMP-05,25,2026-05-03T14:12:00Z,,
D-00103,C-0078,CMP-04,250,2026-07-06T15:48:32Z,TXN-000105,
D-00273,C-0223,CMP-04,50,2026-07-22T13:46:00Z,,
D-00686,C-0274,CMP-03,25,2026-05-06T09:00:00Z,,PL-006
D-00278,C-0130,CMP-03,500,2026-06-04T10:28:00Z,,
D-00448,C-0529,CMP-03,100,2026-06-22T12:16:00Z,,
D-00762,C-0018,CMP-03,15,2026-06-21T09:00:00Z,,PL-021
D-00742,C-0100,CMP-03,25,2026-06-17T09:00:00Z,,PL-017
D-00716,C-0024,CMP-03,15,2026-05-12T09:00:00Z,,PL-012
D-00806,C-0298,CMP-03,10,2026-05-28T09:00:00Z,,PL-030
D-00271,C-0039,CMP-02,25,2026-06-27T16:50:00Z,,
D-00049,C-0412,CMP-04,10,2026-07-03T11:10:52Z,TXN-000050,
D-00074,C-0078,CMP-04,25,2026-07-04T16:27:56Z,TXN-000076,
D-00092,C-0036,CMP-02,10,2026-07-07T03:26:17Z,TXN-000094,
D-00356,C-0675,CMP-01,10,2026-07-14T12:01:00Z,,
D-00435,C-0371,CMP-02,500,2026-03-02T12:13:00Z,,
D-00374,C-0296,CMP-03,500,2026-06-07T17:22:00Z,,
D-00347,C-0733,CMP-02,50,2026-07-14T12:41:00Z,,
D-00574,C-0011,CMP-05,500,2026-07-07T17:08:00Z,,
D-00704,C-0013,CMP-03,10,2026-03-10T09:00:00Z,,PL-010
D-00383,C-0741,CMP-02,25,2026-03-27T12:01:00Z,,
D-00531,C-0521,CMP-04,100,2026-03-20T13:55:00Z,,
D-00520,C-0710,CMP-03,100,2026-06-25T19:20:00Z,,
D-00767,C-0673,CMP-03,10,2026-06-22T09:00:00Z,,PL-022
D-00459,C-0637,CMP-05,100,2026-04-24T17:01:00Z,,
D-00408,C-0582,CMP-02,100,2026-06-23T11:32:00Z,,
D-00315,C-0359,CMP-02,25,2026-05-14T10:27:00Z,,
D-00100,C-0666,CMP-02,100,2026-07-06T07:28:23Z,TXN-000102,
D-00422,C-0627,CMP-03,50,2026-04-10T14:51:00Z,,
D-00023,C-0602,CMP-04,15,2026-07-02T16:44:12Z,TXN-000024,
D-00628,C-0036,CMP-04,25,2026-03-04T08:20:00Z,,
D-00239,C-0632,CMP-05,500,2026-05-01T14:03:00Z,,
D-00134,C-0675,CMP-04,100,2026-07-09T02:10:49Z,TXN-000138,
D-00248,C-0597,CMP-05,500,2026-03-12T16:11:00Z,,
D-00554,C-0549,CMP-05,100,2026-03-09T17:00:00Z,,
D-00230,C-0658,CMP-02,250,2026-07-14T15:43:01Z,TXN-000234,
D-00543,C-0115,CMP-05,500,2026-07-24T08:35:00Z,,
D-00729,C-0281,CMP-03,10,2026-03-15T09:00:00Z,,PL-015
D-00036,C-0346,CMP-02,15,2026-07-02T23:18:02Z,TXN-000037,
D-00525,C-0574,CMP-04,500,2026-07-17T19:57:00Z,,
D-00681,C-0460,CMP-03,25,2026-05-05T09:00:00Z,,PL-005
D-00220,C-0102,CMP-04,50,2026-07-13T09:28:16Z,TXN-000224,
D-00568,C-0224,CMP-05,10,2026-05-04T08:30:00Z,,
D-00030,C-0263,CMP-04,100,2026-07-02T06:28:14Z,TXN-000031,
D-00106,C-0154,CMP-04,15,2026-07-07T03:50:29Z,TXN-000108,
D-00732,C-0281,CMP-03,10,2026-06-15T09:00:00Z,,PL-015
D-00430,C-0475,CMP-02,50,2026-03-28T10:43:00Z,,
D-00078,C-0002,CMP-02,250,2026-07-05T08:53:37Z,TXN-000080,
D-00569,C-0610,CMP-04,500,2026-07-03T16:50:00Z,,
D-00715,C-0024,CMP-03,15,2026-04-12T09:00:00Z,,PL-012
D-00183,C-0602,CMP-04,100,2026-07-11T09:08:22Z,TXN-000187,
D-00158,C-0227,CMP-04,50,2026-07-09T16:29:53Z,TXN-000162,
D-00259,C-0301,CMP-03,25,2026-03-11T18:32:00Z,,
D-00143,C-0398,CMP-02,50,2026-07-09T09:08:37Z,TXN-000147,
D-00397,C-0233,CMP-03,10,2026-06-20T09:37:00Z,,
D-00788,C-0300,CMP-03,25,2026-07-26T09:00:00Z,,PL-026
D-00513,C-0776,CMP-01,500,2026-03-08T09:56:00Z,,
D-00139,C-0494,CMP-04,25,2026-07-08T19:54:38Z,TXN-000143,
D-00238,C-0216,CMP-02,50,2026-07-10T20:47:00Z,TXN-942755,
D-00564,C-0474,CMP-04,50,2026-04-16T15:12:00Z,,
D-00752,C-0062,CMP-03,10,2026-06-19T09:00:00Z,,PL-019
D-00243,C-0559,CMP-01,500,2026-04-12T08:59:00Z,,
D-00413,C-0751,CMP-03,500,2026-06-10T11:11:00Z,,
D-00101,C-0717,CMP-04,15,2026-07-06T10:45:39Z,TXN-000103,
D-00365,C-0175,CMP-01,50,2026-03-21T17:15:00Z,,
D-00808,C-0298,CMP-03,10,2026-07-28T09:00:00Z,,PL-030
D-00293,C-0513,CMP-02,10,2026-05-24T09:41:00Z,,
D-00088,C-0069,CMP-02,100,2026-07-05T14:09:38Z,TXN-000090,
D-00263,C-0327,CMP-03,25,2026-04-12T13:55:00Z,,
D-00642,C-0130,CMP-04,100,2026-03-08T15:57:00Z,,
D-00300,C-0437,CMP-03,100,2026-06-06T19:51:00Z,,
D-00665,C-0283,CMP-03,10,2026-04-02T09:00:00Z,,PL-002
D-00563,C-0766,CMP-03,500,2026-07-12T19:39:00Z,,
D-00164,C-0486,CMP-04,100,2026-07-10T23:56:24Z,TXN-000168,
D-00201,C-0549,CMP-02,250,2026-07-12T06:39:43Z,TXN-000205,
D-00557,C-0375,CMP-03,10,2026-05-15T08:13:00Z,,
D-00149,C-0287,CMP-04,25,2026-07-09T13:14:51Z,TXN-000153,
D-00299,C-0535,CMP-04,100,2026-07-08T10:32:00Z,,
D-00174,C-0357,CMP-04,50,2026-07-10T06:43:31Z,TXN-000178,
D-00647,C-9004,CMP-03,500,2026-07-19T14:38:00Z,,
D-00757,C-0525,CMP-03,25,2026-06-20T09:00:00Z,,PL-020
D-00162,C-0161,CMP-02,25,2026-07-10T07:47:45Z,TXN-000166,
D-00156,C-0244,CMP-02,250,2026-07-09T10:23:38Z,TXN-000160,
D-00643,C-0250,CMP-03,10,2026-06-04T11:56:00Z,,
D-00121,C-0048,CMP-02,15,2026-07-07T15:04:33Z,TXN-000125,
D-00416,C-0494,CMP-03,10,2026-07-24T17:43:00Z,,
D-00282,C-0709,CMP-05,100,2026-03-24T10:42:00Z,,
D-00709,C-0151,CMP-03,10,2026-03-11T09:00:00Z,,PL-011
D-00270,C-0038,CMP-02,100,2026-04-25T10:24:00Z,,
D-00444,C-0552,CMP-01,100,2026-07-09T08:02:00Z,,
D-00484,C-0194,CMP-02,25,2026-04-26T13:40:00Z,,
D-00221,C-0022,CMP-04,250,2026-07-13T07:05:45Z,TXN-000225,
D-00807,C-0298,CMP-03,10,2026-06-28T09:00:00Z,,PL-030
D-00118,C-0062,CMP-02,100,2026-07-07T07:26:49Z,TXN-000120,
D-00551,C-0471,CMP-01,50,2026-05-16T15:47:00Z,,
D-00785,C-0300,CMP-03,25,2026-04-26T09:00:00Z,,PL-026
D-00705,C-0013,CMP-03,10,2026-04-10T09:00:00Z,,PL-010
D-00789,C-0573,CMP-03,10,2026-03-27T09:00:00Z,,PL-027
D-00035,C-0020,CMP-04,25,2026-07-02T15:15:10Z,TXN-000036,
D-00805,C-0298,CMP-03,10,2026-04-28T09:00:00Z,,PL-030
D-00724,C-0490,CMP-03,10,2026-03-14T09:00:00Z,,PL-014
D-00307,C-0687,CMP-05,25,2026-07-27T17:34:00Z,,
D-00236,C-0313,CMP-02,25,2026-07-01T13:22:00Z,TXN-981262,
D-00663,C-0590,CMP-03,10,2026-07-01T09:00:00Z,,PL-001
D-00200,C-0787,CMP-02,10,2026-07-12T12:13:06Z,TXN-000204,
D-00395,C-0310,CMP-05,100,2026-07-09T14:57:00Z,,
D-00154,C-0526,CMP-04,25,2026-07-09T05:19:21Z,TXN-000158,
D-00111,C-0366,CMP-02,50,2026-07-06T04:42:43Z,TXN-000113,
D-00451,C-0319,CMP-03,500,2026-06-04T14:10:00Z,,
D-00288,C-0177,CMP-04,500,2026-03-24T13:01:00Z,,
D-00466,C-0447,CMP-04,25,2026-07-01T09:54:00Z,,
D-00132,C-0069,CMP-04,10,2026-07-08T20:51:49Z,TXN-000136,
D-00722,C-0334,CMP-03,25,2026-06-13T09:00:00Z,,PL-013
D-00541,C-0509,CMP-01,50,2026-05-27T18:24:00Z,,
D-00462,C-0421,CMP-03,10,2026-07-10T14:02:00Z,,
D-00485,C-0666,CMP-01,500,2026-07-05T16:59:00Z,,
D-00325,C-0770,CMP-05,10,2026-04-26T16:35:00Z,,
D-00093,C-0531,CMP-02,25,2026-07-06T07:59:10Z,TXN-000095,
D-00670,C-0479,CMP-03,10,2026-04-03T09:00:00Z,,PL-003
D-00594,C-0481,CMP-04,100,2026-05-22T17:07:00Z,,
D-00125,C-0764,CMP-02,15,2026-07-07T22:40:54Z,TXN-000129,
D-00504,C-0095,CMP-03,500,2026-07-28T19:37:00Z,,
D-00335,C-0580,CMP-02,100,2026-03-09T10:41:00Z,,
D-00414,C-0501,CMP-05,100,2026-07-08T13:01:00Z,,
D-00091,C-0756,CMP-02,250,2026-07-06T04:54:26Z,TXN-000093,
D-00746,C-0454,CMP-03,10,2026-05-18T09:00:00Z,,PL-018
D-00533,C-0229,CMP-05,50,2026-05-24T18:28:00Z,,
D-00409,C-0449,CMP-04,50,2026-06-04T15:19:00Z,,
D-00502,C-0169,CMP-02,10,2026-03-05T15:38:00Z,,
D-00512,C-0073,CMP-01,25,2026-04-18T11:24:00Z,,
D-00580,C-0069,CMP-01,50,2026-05-12T08:49:00Z,,
D-00578,C-0109,CMP-04,500,2026-07-20T14:42:00Z,,
D-00032,C-0267,CMP-04,50,2026-07-02T18:57:45Z,TXN-000033,
D-00018,C-0045,CMP-02,50,2026-07-02T17:40:06Z,TXN-000019,
D-00039,C-0533,CMP-04,50,2026-07-03T01:59:15Z,TXN-000040,
D-00745,C-0454,CMP-03,10,2026-04-18T09:00:00Z,,PL-018
D-00311,C-0124,CMP-02,500,2026-04-17T16:48:00Z,,
D-00438,C-0073,CMP-03,10,2026-06-23T13:34:00Z,,
D-00582,C-0113,CMP-05,500,2026-04-01T10:49:00Z,,
D-00761,C-0018,CMP-03,15,2026-05-21T09:00:00Z,,PL-021
D-00339,C-0482,CMP-01,25,2026-04-08T09:31:00Z,,
D-00470,C-0436,CMP-03,10,2026-04-15T17:50:00Z,,
D-00094,C-0696,CMP-02,50,2026-07-07T00:37:25Z,TXN-000096,
D-00117,C-0300,CMP-02,10,2026-07-07T23:45:44Z,TXN-000119,
D-00320,C-0505,CMP-03,10,2026-03-08T12:07:00Z,,
D-00081,C-0646,CMP-04,15,2026-07-06T01:18:00Z,TXN-000083,
D-00226,C-0673,CMP-04,10,2026-07-15T00:56:03Z,TXN-000230,
D-00308,C-0355,CMP-01,500,2026-06-10T18:37:00Z,,
D-00208,C-0543,CMP-04,50,2026-07-13T14:36:43Z,TXN-000212,
D-00295,C-0702,CMP-02,25,2026-03-24T09:56:00Z,,
D-00410,C-0186,CMP-04,25,2026-05-04T11:54:00Z,,
D-00528,C-0397,CMP-04,50,2026-05-26T11:29:00Z,,
D-00065,C-0196,CMP-02,250,2026-07-05T01:36:33Z,TXN-000067,
D-00351,C-0376,CMP-01,25,2026-05-24T16:01:00Z,,
D-00784,C-0300,CMP-03,25,2026-03-26T09:00:00Z,,PL-026
D-00623,C-0673,CMP-02,10,2026-03-08T15:24:00Z,,
D-00062,C-0738,CMP-04,10,2026-07-04T16:31:06Z,TXN-000064,
D-00301,C-0250,CMP-01,500,2026-06-01T14:26:00Z,,
D-00198,C-0026,CMP-02,50,2026-07-12T15:37:09Z,TXN-000202,
D-00353,C-0469,CMP-02,500,2026-04-26T10:55:00Z,,
D-00040,C-0023,CMP-04,50,2026-07-02T05:40:25Z,TXN-000041,
D-00639,C-0063,CMP-03,500,2026-03-11T15:32:00Z,,
D-00028,C-0305,CMP-04,250,2026-07-02T07:57:00Z,TXN-000029,
D-00181,C-0249,CMP-02,250,2026-07-11T21:42:52Z,TXN-000185,
D-00458,C-0527,CMP-03,50,2026-05-15T13:34:00Z,,
D-00145,C-0402,CMP-04,15,2026-07-09T12:01:30Z,TXN-000149,
D-00616,C-0250,CMP-03,100,2026-04-27T15:59:00Z,,
D-00331,C-0500,CMP-02,25,2026-04-14T16:58:00Z,,
D-00544,C-0511,CMP-03,50,2026-05-13T11:31:00Z,,
D-00386,C-0485,CMP-03,500,2026-06-17T17:17:00Z,,
D-00708,C-0013,CMP-03,10,2026-07-10T09:00:00Z,,PL-010
D-00375,C-0228,CMP-03,25,2026-06-04T13:00:00Z,,
D-00089,C-0433,CMP-02,100,2026-07-05T11:43:16Z,TXN-000091,
D-00455,C-0441,CMP-05,100,2026-04-26T14:50:00Z,,
D-00225,C-0686,CMP-02,100,2026-07-14T08:10:14Z,TXN-000229,
D-00317,C-0148,CMP-04,50,2026-04-17T11:01:00Z,,
D-00630,C-0774,CMP-02,500,2026-06-12T08:19:00Z,,
D-00244,C-0541,CMP-02,10,2026-05-04T19:58:00Z,,
D-00080,C-0454,CMP-04,100,2026-07-05T11:07:38Z,TXN-000082,
D-00160,C-0325,CMP-02,250,2026-07-09T14:35:10Z,TXN-000164,
D-00589,C-0678,CMP-04,100,2026-05-18T19:20:00Z,,
D-00759,C-0018,CMP-03,15,2026-03-21T09:00:00Z,,PL-021
D-00420,C-0250,CMP-05,100,2026-04-26T15:16:00Z,,
D-00523,C-0509,CMP-04,25,2026-05-12T11:44:00Z,,
D-00003,C-0209,CMP-04,25,2026-07-02T01:00:59Z,TXN-000003,
D-00140,C-0743,CMP-04,25,2026-07-08T23:35:21Z,TXN-000144,
D-00687,C-0274,CMP-03,25,2026-06-06T09:00:00Z,,PL-006
D-00545,C-0400,CMP-02,50,2026-05-28T09:10:00Z,,
D-00099,C-0248,CMP-04,10,2026-07-06T10:59:42Z,TXN-000101,
D-00097,C-0464,CMP-02,100,2026-07-06T20:33:24Z,TXN-000099,
D-00573,C-0010,CMP-05,500,2026-04-14T08:12:00Z,,
D-00052,C-0362,CMP-02,250,2026-07-03T12:02:36Z,TXN-000053,
D-00228,C-0489,CMP-02,250,2026-07-14T11:47:08Z,TXN-000232,
D-00161,C-0457,CMP-04,250,2026-07-10T19:45:50Z,TXN-000165,
D-00217,C-0009,CMP-02,100,2026-07-13T12:32:28Z,TXN-000221,
D-00237,C-0212,CMP-02,25,2026-07-06T14:01:00Z,TXN-965788,
D-00153,C-0787,CMP-04,25,2026-07-09T11:54:39Z,TXN-000157,
D-00033,C-0200,CMP-04,100,2026-07-02T17:15:11Z,TXN-000034,
D-00655,C-0763,CMP-01,500,2026-06-21T15:51:00Z,,
D-00175,C-0308,CMP-04,50,2026-07-10T06:40:50Z,TXN-000179,
D-00354,C-0500,CMP-04,100,2026-03-04T13:03:00Z,,
D-00232,C-0006,CMP-04,50,2026-07-14T15:10:02Z,TXN-000236,
D-00109,C-0264,CMP-02,100,2026-07-06T12:24:42Z,TXN-000111,
D-00471,C-0744,CMP-05,500,2026-06-17T17:56:00Z,,
D-00306,C-0047,CMP-01,50,2026-07-02T09:15:00Z,,
D-00602,C-0190,CMP-02,25,2026-07-18T10:22:00Z,,
D-00392,C-0641,CMP-05,25,2026-06-12T09:16:00Z,,
D-00710,C-0151,CMP-03,10,2026-04-11T09:00:00Z,,PL-011
D-00310,C-0214,CMP-02,100,2026-05-18T19:27:00Z,,
D-00336,C-0721,CMP-05,50,2026-06-15T15:39:00Z,,
D-00115,C-0008,CMP-02,250,2026-07-07T08:12:43Z,TXN-000117,
D-00736,C-0688,CMP-03,25,2026-05-16T09:00:00Z,,PL-016
D-00045,C-0064,CMP-02,10,2026-07-03T17:49:01Z,TXN-000046,
D-00453,C-0519,CMP-04,25,2026-06-06T15:07:00Z,,
D-00393,C-0096,CMP-01,25,2026-03-10T17:40:00Z,,
D-00503,C-0503,CMP-05,10,2026-07-19T09:41:00Z,,
D-00495,C-0618,CMP-01,100,2026-06-19T09:19:00Z,,
D-00465,C-0180,CMP-04,10,2026-04-17T19:29:00Z,,
D-00549,C-0356,CMP-05,500,2026-06-03T13:55:00Z,,
D-00319,C-0492,CMP-02,100,2026-05-20T11:32:00Z,,
D-00233,C-0388,CMP-02,25,2026-07-14T10:31:45Z,TXN-000237,
D-00120,C-0677,CMP-04,10,2026-07-07T18:38:03Z,TXN-000124,
D-00165,C-0338,CMP-04,50,2026-07-10T10:37:13Z,TXN-000169,
D-00286,C-0377,CMP-01,25,2026-04-07T19:19:00Z,,
D-00058,C-0402,CMP-04,250,2026-07-04T20:59:31Z,TXN-000059,
D-00672,C-0479,CMP-03,10,2026-06-03T09:00:00Z,,PL-003
D-00798,C-0227,CMP-03,25,2026-07-28T09:00:00Z,,PL-028
D-00194,C-0670,CMP-04,15,2026-07-11T14:16:48Z,TXN-000198,
D-00603,C-0513,CMP-03,50,2026-03-20T16:57:00Z,,
D-00690,C-0044,CMP-03,25,2026-04-07T09:00:00Z,,PL-007
D-00178,C-0523,CMP-04,15,2026-07-11T00:12:15Z,TXN-000182,
D-00650,C-0360,CMP-02,500,2026-06-06T12:49:00Z,,
D-00127,C-0654,CMP-02,10,2026-07-08T17:25:09Z,TXN-000131,
D-00464,C-0002,CMP-01,50,2026-06-24T13:10:00Z,,
D-00195,C-0678,CMP-02,15,2026-07-12T07:28:50Z,TXN-000199,
D-00060,C-0283,CMP-04,250,2026-07-04T06:30:56Z,TXN-000061,
D-00442,C-0310,CMP-03,100,2026-03-23T08:13:00Z,,
D-00090,C-0688,CMP-04,50,2026-07-06T05:16:21Z,TXN-000092,
D-00046,C-0397,CMP-04,50,2026-07-03T13:32:35Z,TXN-000047,
D-00376,C-0540,CMP-04,500,2026-04-02T19:05:00Z,,
D-00379,C-0569,CMP-03,10,2026-05-08T09:44:00Z,,
D-00707,C-0013,CMP-03,10,2026-06-10T09:00:00Z,,PL-010
D-00341,C-0019,CMP-03,10,2026-04-01T13:48:00Z,,
D-00685,C-0274,CMP-03,25,2026-04-06T09:00:00Z,,PL-006
D-00656,C-0752,CMP-04,10,2026-05-01T17:15:00Z,,
D-00467,C-0109,CMP-01,50,2026-05-21T17:45:00Z,,
D-00747,C-0454,CMP-03,10,2026-06-18T09:00:00Z,,PL-018
D-00129,C-0292,CMP-04,100,2026-07-08T10:34:50Z,TXN-000133,
D-00486,C-0247,CMP-04,500,2026-04-12T13:45:00Z,,
D-00695,C-0562,CMP-03,25,2026-04-08T09:00:00Z,,PL-008
D-00671,C-0479,CMP-03,10,2026-05-03T09:00:00Z,,PL-003
D-00497,C-0547,CMP-03,500,2026-07-25T18:49:00Z,,
D-00107,C-0528,CMP-02,15,2026-07-06T10:27:02Z,TXN-000109,
D-00004,C-0424,CMP-04,250,2026-07-01T18:39:00Z,TXN-000004,
D-00077,C-0534,CMP-04,250,2026-07-05T16:13:20Z,TXN-000079,
D-00345,C-0788,CMP-02,100,2026-06-16T12:02:00Z,,
D-00799,C-0221,CMP-03,25,2026-03-28T09:00:00Z,,PL-029
D-00012,C-0307,CMP-04,15,2026-07-02T07:29:09Z,TXN-000013,
D-00610,C-0189,CMP-02,25,2026-05-11T15:09:00Z,,
D-00214,C-0159,CMP-02,25,2026-07-13T05:15:30Z,TXN-000218,
D-00781,C-0706,CMP-03,25,2026-05-25T09:00:00Z,,PL-025
D-00268,C-0224,CMP-03,500,2026-03-22T11:51:00Z,,
D-00632,C-0028,CMP-01,500,2026-03-05T08:26:00Z,,
D-00169,C-0162,CMP-02,10,2026-07-10T17:52:21Z,TXN-000173,
D-00041,C-0260,CMP-04,10,2026-07-03T03:13:20Z,TXN-000042,
D-00427,C-0631,CMP-04,500,2026-03-20T12:59:00Z,,
D-00340,C-0402,CMP-05,100,2026-07-15T16:06:00Z,,
D-00701,C-0349,CMP-03,25,2026-05-09T09:00:00Z,,PL-009
D-00123,C-0757,CMP-02,50,2026-07-07T12:36:09Z,TXN-000127,
D-00659,C-0590,CMP-03,10,2026-03-01T09:00:00Z,,PL-001
D-00491,C-0121,CMP-05,10,2026-03-09T19:04:00Z,,
D-00565,C-0676,CMP-04,50,2026-07-12T09:33:00Z,,
D-00196,C-0675,CMP-02,50,2026-07-12T17:41:30Z,TXN-000200,
D-00590,C-0565,CMP-01,100,2026-07-09T13:27:00Z,,
D-00774,C-0626,CMP-03,10,2026-03-24T09:00:00Z,,PL-024
D-00142,C-0484,CMP-04,100,2026-07-09T18:35:01Z,TXN-000146,
D-00303,C-0028,CMP-02,100,2026-03-22T14:02:00Z,,
D-00144,C-0526,CMP-04,25,2026-07-09T17:58:37Z,TXN-000148,
D-00151,C-0645,CMP-04,10,2026-07-09T09:27:18Z,TXN-000155,
D-00298,C-9000,CMP-03,10,2026-07-06T16:44:00Z,,
D-00400,C-0703,CMP-02,25,2026-04-04T08:18:00Z,,
D-00780,C-0706,CMP-03,25,2026-04-25T09:00:00Z,,PL-025
D-00754,C-0525,CMP-03,25,2026-03-20T09:00:00Z,,PL-020
D-00294,C-0582,CMP-04,25,2026-06-25T16:42:00Z,,
D-00753,C-0062,CMP-03,10,2026-07-19T09:00:00Z,,PL-019
D-00790,C-0573,CMP-03,10,2026-04-27T09:00:00Z,,PL-027
D-00404,C-0021,CMP-03,10,2026-07-16T10:09:00Z,,
D-00611,C-0043,CMP-03,500,2026-07-16T18:01:00Z,,
D-00322,C-0114,CMP-01,10,2026-03-19T19:38:00Z,,
D-00506,C-9002,CMP-02,500,2026-07-16T11:16:00Z,,
D-00698,C-0562,CMP-03,25,2026-07-08T09:00:00Z,,PL-008
D-00605,C-0104,CMP-05,500,2026-06-01T16:32:00Z,,
D-00258,C-0549,CMP-02,500,2026-07-18T19:40:00Z,,
D-00396,C-0788,CMP-02,50,2026-03-06T16:35:00Z,,
D-00558,C-0691,CMP-05,50,2026-03-05T14:33:00Z,,
D-00250,C-0311,CMP-05,500,2026-06-20T11:40:00Z,,
D-00213,C-0204,CMP-02,50,2026-07-13T07:38:31Z,TXN-000217,
D-00793,C-0573,CMP-03,10,2026-07-27T09:00:00Z,,PL-027
D-00280,C-0164,CMP-03,100,2026-03-10T12:35:00Z,,
D-00699,C-0349,CMP-03,25,2026-03-09T09:00:00Z,,PL-009
D-00635,C-0529,CMP-01,50,2026-07-02T18:34:00Z,,
D-00048,C-0304,CMP-02,250,2026-07-03T13:01:24Z,TXN-000049,
D-00261,C-9003,CMP-02,50,2026-03-27T15:16:00Z,,
D-00412,C-0229,CMP-02,50,2026-07-23T09:05:00Z,,
D-00411,C-0364,CMP-04,50,2026-03-19T15:09:00Z,,
D-00689,C-0044,CMP-03,25,2026-03-07T09:00:00Z,,PL-007
D-00128,C-0740,CMP-02,25,2026-07-09T02:33:42Z,TXN-000132,
D-00510,C-0293,CMP-03,500,2026-07-11T12:59:00Z,,
D-00031,C-0780,CMP-04,50,2026-07-02T23:03:21Z,TXN-000032,
D-00675,C-0367,CMP-03,15,2026-04-04T09:00:00Z,,PL-004
D-00479,C-0236,CMP-03,25,2026-06-21T18:58:00Z,,
D-00399,C-0196,CMP-01,100,2026-05-10T09:26:00Z,,
D-00425,C-0778,CMP-01,25,2026-07-24T19:12:00Z,,
D-00429,C-0693,CMP-02,50,2026-04-02T19:25:00Z,,
D-00193,C-0788,CMP-04,25,2026-07-11T16:06:15Z,TXN-000197,
D-00763,C-0018,CMP-03,15,2026-07-21T09:00:00Z,,PL-021
D-00581,C-0387,CMP-05,25,2026-07-26T12:03:00Z,,
D-00254,C-0789,CMP-05,50,2026-04-08T08:58:00Z,,
D-00235,C-0738,CMP-04,10,2026-07-14T16:54:42Z,TXN-000239,
D-00579,C-0717,CMP-05,10,2026-04-02T18:47:00Z,,
D-00218,C-0100,CMP-02,15,2026-07-14T01:39:58Z,TXN-000222,
D-00532,C-0101,CMP-01,500,2026-05-26T11:48:00Z,,
D-00370,C-0522,CMP-01,100,2026-03-26T16:19:00Z,,
D-00480,C-0601,CMP-05,25,2026-05-19T12:00:00Z,,
D-00189,C-0066,CMP-02,15,2026-07-11T07:24:11Z,TXN-000193,
D-00309,C-0141,CMP-03,100,2026-05-19T08:44:00Z,,
D-00518,C-0752,CMP-03,10,2026-03-27T18:22:00Z,,
D-00401,C-0346,CMP-03,100,2026-07-14T19:05:00Z,,
D-00212,C-0501,CMP-02,250,2026-07-13T22:19:47Z,TXN-000216,
D-00649,C-0555,CMP-05,10,2026-05-28T14:52:00Z,,
D-00634,C-0669,CMP-04,50,2026-05-08T12:01:00Z,,
D-00609,C-0119,CMP-03,10,2026-03-06T11:35:00Z,,
D-00714,C-0024,CMP-03,15,2026-03-12T09:00:00Z,,PL-012
D-00371,C-0383,CMP-03,25,2026-05-02T13:44:00Z,,
D-00697,C-0562,CMP-03,25,2026-06-08T09:00:00Z,,PL-008
D-00398,C-0352,CMP-05,100,2026-07-11T15:01:00Z,,
D-00390,C-0005,CMP-01,100,2026-03-06T19:17:00Z,,
D-00720,C-0334,CMP-03,25,2026-04-13T09:00:00Z,,PL-013
D-00489,C-0542,CMP-02,500,2026-05-23T14:41:00Z,,
D-00054,C-0192,CMP-04,100,2026-07-04T03:45:12Z,TXN-000055,
D-00002,C-0587,CMP-02,10,2026-07-01T19:10:42Z,TXN-000002,
D-00180,C-0184,CMP-04,50,2026-07-11T11:43:29Z,TXN-000184,
D-00126,C-0512,CMP-02,10,2026-07-07T21:20:46Z,TXN-000130,
D-00027,C-0467,CMP-04,50,2026-07-02T23:36:16Z,TXN-000028,
D-00188,C-0655,CMP-04,250,2026-07-11T17:16:08Z,TXN-000192,
D-00645,C-0480,CMP-05,25,2026-06-23T13:57:00Z,,
D-00242,C-0748,CMP-03,25,2026-04-15T16:02:00Z,,
D-00641,C-0443,CMP-03,50,2026-06-10T16:46:00Z,,
D-00770,C-0605,CMP-03,10,2026-04-23T09:00:00Z,,PL-023
D-00741,C-0100,CMP-03,25,2026-05-17T09:00:00Z,,PL-017
D-00285,C-0515,CMP-05,500,2026-07-13T16:39:00Z,,
D-00272,C-0375,CMP-04,25,2026-06-19T16:34:00Z,,
D-00775,C-0626,CMP-03,10,2026-04-24T09:00:00Z,,PL-024
D-00744,C-0454,CMP-03,10,2026-03-18T09:00:00Z,,PL-018
D-00631,C-0778,CMP-01,25,2026-04-17T11:30:00Z,,
D-00638,C-0180,CMP-03,25,2026-05-04T16:48:00Z,,
D-00756,C-0525,CMP-03,25,2026-05-20T09:00:00Z,,PL-020
D-00749,C-0062,CMP-03,10,2026-03-19T09:00:00Z,,PL-019
D-00114,C-0180,CMP-04,250,2026-07-07T16:47:55Z,TXN-000116,
D-00748,C-0454,CMP-03,10,2026-07-18T09:00:00Z,,PL-018
D-00038,C-0686,CMP-04,25,2026-07-02T07:43:54Z,TXN-000039,
D-00677,C-0367,CMP-03,15,2026-06-04T09:00:00Z,,PL-004
D-00324,C-0293,CMP-04,50,2026-06-15T16:41:00Z,,
D-00337,C-0727,CMP-03,500,2026-07-04T15:13:00Z,,
D-00606,C-0603,CMP-02,500,2026-06-19T18:37:00Z,,
D-00751,C-0062,CMP-03,10,2026-05-19T09:00:00Z,,PL-019
D-00624,C-0352,CMP-05,50,2026-04-16T12:14:00Z,,
D-00206,C-0758,CMP-04,25,2026-07-13T09:38:57Z,TXN-000210,
D-00403,C-0329,CMP-02,50,2026-05-21T14:17:00Z,,
D-00141,C-0187,CMP-04,15,2026-07-09T17:35:25Z,TXN-000145,
D-00421,C-0778,CMP-01,50,2026-03-12T18:38:00Z,,
D-00778,C-0626,CMP-03,10,2026-07-24T09:00:00Z,,PL-024
D-00524,C-0225,CMP-02,25,2026-03-09T13:38:00Z,,
D-00693,C-0044,CMP-03,25,2026-07-07T09:00:00Z,,PL-007
D-00267,C-0436,CMP-02,10,2026-07-19T12:30:00Z,,
D-00021,C-0695,CMP-02,15,2026-07-03T02:20:07Z,TXN-000022,
D-00787,C-0300,CMP-03,25,2026-06-26T09:00:00Z,,PL-026
D-00083,C-0498,CMP-04,50,2026-07-06T02:30:25Z,TXN-000085,
D-00786,C-0300,CMP-03,25,2026-05-26T09:00:00Z,,PL-026
D-00473,C-0270,CMP-02,100,2026-05-24T17:07:00Z,,
D-00372,C-0465,CMP-04,100,2026-07-25T12:14:00Z,,
D-00197,C-0037,CMP-04,250,2026-07-12T14:59:21Z,TXN-000201,
D-00514,C-0186,CMP-03,25,2026-07-07T08:34:00Z,,
D-00482,C-0450,CMP-04,10,2026-06-05T16:32:00Z,,
D-00682,C-0460,CMP-03,25,2026-06-05T09:00:00Z,,PL-005
D-00797,C-0227,CMP-03,25,2026-06-28T09:00:00Z,,PL-028
D-00646,C-0623,CMP-03,10,2026-07-28T15:33:00Z,,
D-00350,C-0535,CMP-01,25,2026-06-05T08:33:00Z,,
D-00029,C-0193,CMP-04,250,2026-07-02T08:43:50Z,TXN-000030,
D-00529,C-0377,CMP-03,50,2026-07-09T15:16:00Z,,
D-00468,C-0275,CMP-03,25,2026-07-18T13:54:00Z,,
D-00064,C-0720,CMP-04,10,2026-07-05T03:30:00Z,TXN-000066,
D-00434,C-0597,CMP-02,50,2026-07-07T16:13:00Z,,
D-00666,C-0283,CMP-03,10,2026-05-02T09:00:00Z,,PL-002
D-00110,C-0179,CMP-02,100,2026-07-06T14:07:49Z,TXN-000112,
D-00359,C-0057,CMP-04,500,2026-05-23T16:09:00Z,,
D-00626,C-0059,CMP-04,100,2026-04-12T16:27:00Z,,
D-00730,C-0281,CMP-03,10,2026-04-15T09:00:00Z,,PL-015
D-00584,C-0518,CMP-02,25,2026-03-28T12:50:00Z,,
D-00498,C-0734,CMP-03,25,2026-03-08T13:43:00Z,,
D-00667,C-0283,CMP-03,10,2026-06-02T09:00:00Z,,PL-002
D-00047,C-0487,CMP-04,250,2026-07-03T11:19:55Z,TXN-000048,
D-00051,C-0038,CMP-04,25,2026-07-03T07:44:47Z,TXN-000052,
D-00519,C-0607,CMP-03,500,2026-06-04T13:49:00Z,,
D-00538,C-0517,CMP-01,10,2026-06-04T14:17:00Z,,
D-00173,C-0497,CMP-02,10,2026-07-10T08:49:23Z,TXN-000177,
D-00277,C-0322,CMP-03,500,2026-06-15T18:39:00Z,,
D-00423,C-0637,CMP-03,50,2026-06-10T14:17:00Z,,
D-00207,C-0764,CMP-04,10,2026-07-14T02:37:51Z,TXN-000211,
D-00500,C-0679,CMP-01,10,2026-04-25T12:00:00Z,,
D-00327,C-0700,CMP-05,25,2026-07-09T11:35:00Z,,
D-00496,C-0136,CMP-01,50,2026-06-08T18:33:00Z,,
D-00597,C-0335,CMP-04,50,2026-03-09T10:51:00Z,,
D-00644,C-0436,CMP-04,100,2026-04-22T13:47:00Z,,
D-00215,C-0215,CMP-02,15,2026-07-13T06:27:04Z,TXN-000219,
D-00725,C-0490,CMP-03,10,2026-04-14T09:00:00Z,,PL-014
D-00290,C-0392,CMP-05,25,2026-05-13T17:35:00Z,,
D-00801,C-0221,CMP-03,25,2026-05-28T09:00:00Z,,PL-029
D-00702,C-0349,CMP-03,25,2026-06-09T09:00:00Z,,PL-009
D-00636,C-0417,CMP-04,50,2026-04-24T14:51:00Z,,
D-00668,C-0283,CMP-03,10,2026-07-02T09:00:00Z,,PL-002
D-00559,C-0026,CMP-01,500,2026-07-05T16:33:00Z,,
D-00792,C-0573,CMP-03,10,2026-06-27T09:00:00Z,,PL-027
D-00591,C-0422,CMP-05,500,2026-03-10T12:33:00Z,,
D-00146,C-0058,CMP-02,25,2026-07-09T18:10:39Z,TXN-000150,
D-00009,C-0435,CMP-02,15,2026-07-02T01:44:10Z,TXN-000009,
D-00760,C-0018,CMP-03,15,2026-04-21T09:00:00Z,,PL-021
